refinery_code,month,product,production_m3,total_processed_m3,yield_ratio,provenance
RPCC,2025-01,NAFTA,11933.934,148290.0,0.080477,observed_positive_yield
RPCC,2025-01,QUEROSENE DE AVIAÇÃO,13765.03,148290.0,0.092825,observed_positive_yield
RPCC,2025-01,ÓLEO COMBUSTÍVEL,91298.262,148290.0,0.615674,observed_positive_yield
RPCC,2025-01,ÓLEO DIESEL,32798.349,148290.0,0.221177,observed_positive_yield
RPCC,2025-02,NAFTA,11666.147,149092.0,0.078248,observed_positive_yield
RPCC,2025-02,QUEROSENE DE AVIAÇÃO,14203.49,149092.0,0.095267,observed_positive_yield
RPCC,2025-02,ÓLEO COMBUSTÍVEL,96332.102,149092.0,0.646125,observed_positive_yield
RPCC,2025-02,ÓLEO DIESEL,25536.73,149092.0,0.171282,observed_positive_yield
RPCC,2025-03,NAFTA,12088.296,148771.0,0.081254,observed_positive_yield
RPCC,2025-03,QUEROSENE DE AVIAÇÃO,11678.854,148771.0,0.078502,observed_positive_yield
RPCC,2025-03,ÓLEO COMBUSTÍVEL,97086.728,148771.0,0.652592,observed_positive_yield
RPCC,2025-03,ÓLEO DIESEL,26586.874,148771.0,0.17871,observed_positive_yield
RPCC,2025-04,NAFTA,14246.251,157674.0,0.090353,observed_positive_yield
RPCC,2025-04,QUEROSENE DE AVIAÇÃO,12675.998,157674.0,0.080394,observed_positive_yield
RPCC,2025-04,ÓLEO COMBUSTÍVEL,97020.409,157674.0,0.615323,observed_positive_yield
RPCC,2025-04,ÓLEO DIESEL,23774.184,157674.0,0.150781,observed_positive_yield
RPCC,2025-05,NAFTA,13088.103,153932.0,0.085025,observed_positive_yield
RPCC,2025-05,QUEROSENE DE AVIAÇÃO,14100.775,153932.0,0.091604,observed_positive_yield
RPCC,2025-05,ÓLEO COMBUSTÍVEL,98374.838,153932.0,0.63908,observed_positive_yield
RPCC,2025-05,ÓLEO DIESEL,25816.74,153932.0,0.167715,observed_positive_yield
RPCC,2025-06,NAFTA,12876.534,160636.0,0.08016,observed_positive_yield
RPCC,2025-06,QUEROSENE DE AVIAÇÃO,16399.51,160636.0,0.102091,observed_positive_yield
RPCC,2025-06,ÓLEO COMBUSTÍVEL,102759.88,160636.0,0.639706,observed_positive_yield
RPCC,2025-06,ÓLEO DIESEL,24729.448,160636.0,0.153947,observed_positive_yield
RPCC,2025-07,GASOLINA A,970.141,161154.0,0.00602,observed_positive_yield
RPCC,2025-07,NAFTA,13711.334,161154.0,0.085082,observed_positive_yield
RPCC,2025-07,QUEROSENE DE AVIAÇÃO,13945.198,161154.0,0.086533,observed_positive_yield
RPCC,2025-07,ÓLEO COMBUSTÍVEL,104388.998,161154.0,0.647759,observed_positive_yield
RPCC,2025-07,ÓLEO DIESEL,23943.641,161154.0,0.148576,observed_positive_yield
RPCC,2025-08,GASOLINA A,274.915,144073.0,0.001908,observed_positive_yield
RPCC,2025-08,NAFTA,14057.836,144073.0,0.097574,observed_positive_yield
RPCC,2025-08,QUEROSENE DE AVIAÇÃO,10716.795,144073.0,0.074384,observed_positive_yield
RPCC,2025-08,ÓLEO COMBUSTÍVEL,93365.641,144073.0,0.648044,observed_positive_yield
RPCC,2025-08,ÓLEO DIESEL,24689.92,144073.0,0.171371,observed_positive_yield
RPCC,2025-09,GASOLINA A,689.42,167876.0,0.004107,observed_positive_yield
RPCC,2025-09,NAFTA,12873.122,167876.0,0.076682,observed_positive_yield
RPCC,2025-09,QUEROSENE DE AVIAÇÃO,13093.131,167876.0,0.077993,observed_positive_yield
RPCC,2025-09,ÓLEO COMBUSTÍVEL,112317.744,167876.0,0.669052,observed_positive_yield
RPCC,2025-09,ÓLEO DIESEL,28669.631,167876.0,0.170779,observed_positive_yield
RPCC,2025-10,GASOLINA A,618.72,138473.0,0.004468,observed_positive_yield
RPCC,2025-10,NAFTA,10346.535,138473.0,0.074719,observed_positive_yield
RPCC,2025-10,QUEROSENE DE AVIAÇÃO,10062.677,138473.0,0.072669,observed_positive_yield
RPCC,2025-10,ÓLEO COMBUSTÍVEL,93046.833,138473.0,0.671949,observed_positive_yield
RPCC,2025-10,ÓLEO DIESEL,21299.777,138473.0,0.153819,observed_positive_yield
RPCC,2025-11,NAFTA,12776.559,148211.0,0.086205,observed_positive_yield
RPCC,2025-11,QUEROSENE DE AVIAÇÃO,9607.64,148211.0,0.064824,observed_positive_yield
RPCC,2025-11,ÓLEO COMBUSTÍVEL,97847.694,148211.0,0.660192,observed_positive_yield
RPCC,2025-11,ÓLEO DIESEL,25330.298,148211.0,0.170907,observed_positive_yield
RPCC,2025-12,NAFTA,12859.007,151310.0,0.084985,observed_positive_yield
RPCC,2025-12,QUEROSENE DE AVIAÇÃO,12852.859,151310.0,0.084944,observed_positive_yield
RPCC,2025-12,ÓLEO COMBUSTÍVEL,97330.829,151310.0,0.643254,observed_positive_yield
RPCC,2025-12,ÓLEO DIESEL,24923.037,151310.0,0.164715,observed_positive_yield
REAM,2025-01,ÓLEO COMBUSTÍVEL,1515.057,0.0,,unavailable_no_positive_throughput
REAM,2025-01,ÓLEO DIESEL,66351.351,0.0,,unavailable_no_positive_throughput
REAM,2025-02,ÓLEO COMBUSTÍVEL,2076.053,0.0,,unavailable_no_positive_throughput
REAM,2025-02,ÓLEO DIESEL,65047.074,0.0,,unavailable_no_positive_throughput
REAM,2025-03,GASOLINA A,50135.329,47152.0,1.06327,observed_ratio_exceeds_unit_interval_data_quality_flag
REAM,2025-03,GLP,572.882,47152.0,0.01215,observed_positive_yield
REAM,2025-03,NAFTA,27552.811,47152.0,0.58434,observed_positive_yield
REAM,2025-03,QUEROSENE DE AVIAÇÃO,3807.948,47152.0,0.080759,observed_positive_yield
REAM,2025-03,ÓLEO COMBUSTÍVEL,5340.276,47152.0,0.113257,observed_positive_yield
REAM,2025-03,ÓLEO DIESEL,49466.962,47152.0,1.049096,observed_ratio_exceeds_unit_interval_data_quality_flag
REAM,2025-04,GLP,67.114,18228.0,0.003682,observed_positive_yield
REAM,2025-04,NAFTA,29496.403,18228.0,1.618192,observed_ratio_exceeds_unit_interval_data_quality_flag
REAM,2025-04,QUEROSENE DE AVIAÇÃO,238.488,18228.0,0.013084,observed_positive_yield
REAM,2025-04,ÓLEO COMBUSTÍVEL,4113.086,18228.0,0.225647,observed_positive_yield
REAM,2025-04,ÓLEO DIESEL,33104.314,18228.0,1.816124,observed_ratio_exceeds_unit_interval_data_quality_flag
REAM,2025-05,GASOLINA A,23938.265,0.0,,unavailable_no_positive_throughput
REAM,2025-05,ÓLEO COMBUSTÍVEL,4799.897,0.0,,unavailable_no_positive_throughput
REAM,2025-05,ÓLEO DIESEL,41703.866,0.0,,unavailable_no_positive_throughput
REAM,2025-06,GASOLINA A,23379.575,0.0,,unavailable_no_positive_throughput
REAM,2025-06,ÓLEO COMBUSTÍVEL,10133.204,0.0,,unavailable_no_positive_throughput
REAM,2025-06,ÓLEO DIESEL,46409.61,0.0,,unavailable_no_positive_throughput
REAM,2025-07,GASOLINA A,79656.658,0.0,,unavailable_no_positive_throughput
REAM,2025-07,ÓLEO COMBUSTÍVEL,13911.466,0.0,,unavailable_no_positive_throughput
REAM,2025-07,ÓLEO DIESEL,56761.139,0.0,,unavailable_no_positive_throughput
REAM,2025-08,ASFALTO,2103.538,0.0,,unavailable_no_positive_throughput
REAM,2025-08,GASOLINA A,38500.228,0.0,,unavailable_no_positive_throughput
REAM,2025-08,ÓLEO COMBUSTÍVEL,1135.102,0.0,,unavailable_no_positive_throughput
REAM,2025-08,ÓLEO DIESEL,49006.219,0.0,,unavailable_no_positive_throughput
REAM,2025-09,ASFALTO,51.933,137.0,0.379075,observed_positive_yield
REAM,2025-09,GASOLINA A,14453.409,137.0,105.499336,observed_ratio_exceeds_unit_interval_data_quality_flag
REAM,2025-09,ÓLEO COMBUSTÍVEL,10586.087,137.0,77.270705,observed_ratio_exceeds_unit_interval_data_quality_flag
REAM,2025-09,ÓLEO DIESEL,65263.008,137.0,476.372321,observed_ratio_exceeds_unit_interval_data_quality_flag
REAM,2025-10,ASFALTO,1691.833,0.0,,unavailable_no_positive_throughput
REAM,2025-10,GASOLINA A,60525.214,0.0,,unavailable_no_positive_throughput
REAM,2025-10,NAFTA,631.32,0.0,,unavailable_no_positive_throughput
REAM,2025-10,ÓLEO COMBUSTÍVEL,6006.81,0.0,,unavailable_no_positive_throughput
REAM,2025-10,ÓLEO DIESEL,50324.164,0.0,,unavailable_no_positive_throughput
REAM,2025-11,ASFALTO,3340.39,10740.0,0.311023,observed_positive_yield
REAM,2025-11,ÓLEO COMBUSTÍVEL,6253.888,10740.0,0.582299,observed_positive_yield
REAM,2025-11,ÓLEO DIESEL,50736.366,10740.0,4.724056,observed_ratio_exceeds_unit_interval_data_quality_flag
REAM,2025-12,ASFALTO,7856.158,28926.0,0.271595,observed_positive_yield
REAM,2025-12,GASOLINA A,50547.773,28926.0,1.747486,observed_ratio_exceeds_unit_interval_data_quality_flag
REAM,2025-12,ÓLEO COMBUSTÍVEL,10236.496,28926.0,0.353886,observed_positive_yield
REAM,2025-12,ÓLEO DIESEL,49924.144,28926.0,1.725926,observed_ratio_exceeds_unit_interval_data_quality_flag
RECAP,2025-01,GASOLINA A,96063.372,259936.0,0.369565,observed_positive_yield
RECAP,2025-01,GLP,27431.098,259936.0,0.10553,observed_positive_yield
RECAP,2025-01,OUTROS NÃO ENERGÉTICOS,19771.12,259936.0,0.076061,observed_positive_yield
RECAP,2025-01,SOLVENTE,4329.57,259936.0,0.016656,observed_positive_yield
RECAP,2025-01,ÓLEO COMBUSTÍVEL,15073.332,259936.0,0.057989,observed_positive_yield
RECAP,2025-01,ÓLEO DIESEL,128980.163,259936.0,0.4962,observed_positive_yield
RECAP,2025-02,GASOLINA A,97110.76,273707.0,0.354798,observed_positive_yield
RECAP,2025-02,GLP,24442.391,273707.0,0.089301,observed_positive_yield
RECAP,2025-02,OUTROS NÃO ENERGÉTICOS,20359.402,273707.0,0.074384,observed_positive_yield
RECAP,2025-02,SOLVENTE,4959.981,273707.0,0.018121,observed_positive_yield
RECAP,2025-02,ÓLEO COMBUSTÍVEL,29058.689,273707.0,0.106167,observed_positive_yield
RECAP,2025-02,ÓLEO DIESEL,126630.729,273707.0,0.462651,observed_positive_yield
RECAP,2025-03,GASOLINA A,104014.836,298504.0,0.348454,observed_positive_yield
RECAP,2025-03,GLP,26725.792,298504.0,0.089532,observed_positive_yield
RECAP,2025-03,OUTROS NÃO ENERGÉTICOS,17858.522,298504.0,0.059827,observed_positive_yield
RECAP,2025-03,SOLVENTE,4036.289,298504.0,0.013522,observed_positive_yield
RECAP,2025-03,ÓLEO COMBUSTÍVEL,25982.78,298504.0,0.087043,observed_positive_yield
RECAP,2025-03,ÓLEO DIESEL,142566.611,298504.0,0.477604,observed_positive_yield
RECAP,2025-04,GASOLINA A,99145.235,275212.0,0.36025,observed_positive_yield
RECAP,2025-04,GLP,22077.716,275212.0,0.080221,observed_positive_yield
RECAP,2025-04,OUTROS NÃO ENERGÉTICOS,17058.442,275212.0,0.061983,observed_positive_yield
RECAP,2025-04,SOLVENTE,7157.082,275212.0,0.026006,observed_positive_yield
RECAP,2025-04,ÓLEO COMBUSTÍVEL,25389.625,275212.0,0.092255,observed_positive_yield
RECAP,2025-04,ÓLEO DIESEL,132474.305,275212.0,0.481354,observed_positive_yield
RECAP,2025-05,GASOLINA A,100230.035,278503.0,0.359889,observed_positive_yield
RECAP,2025-05,GLP,24188.623,278503.0,0.086852,observed_positive_yield
RECAP,2025-05,OUTROS NÃO ENERGÉTICOS,20508.437,278503.0,0.073638,observed_positive_yield
RECAP,2025-05,SOLVENTE,7145.278,278503.0,0.025656,observed_positive_yield
RECAP,2025-05,ÓLEO COMBUSTÍVEL,18266.327,278503.0,0.065588,observed_positive_yield
RECAP,2025-05,ÓLEO DIESEL,131979.705,278503.0,0.47389,observed_positive_yield
RECAP,2025-06,GASOLINA A,99273.761,278224.0,0.356812,observed_positive_yield
RECAP,2025-06,GLP,25098.705,278224.0,0.09021,observed_positive_yield
RECAP,2025-06,OUTROS NÃO ENERGÉTICOS,19918.964,278224.0,0.071593,observed_positive_yield
RECAP,2025-06,SOLVENTE,4018.929,278224.0,0.014445,observed_positive_yield
RECAP,2025-06,ÓLEO COMBUSTÍVEL,31779.423,278224.0,0.114222,observed_positive_yield
RECAP,2025-06,ÓLEO DIESEL,132530.403,278224.0,0.476344,observed_positive_yield
RECAP,2025-07,GASOLINA A,103612.57,293252.0,0.353323,observed_positive_yield
RECAP,2025-07,GLP,22930.603,293252.0,0.078194,observed_positive_yield
RECAP,2025-07,OUTROS NÃO ENERGÉTICOS,13428.496,293252.0,0.045792,observed_positive_yield
RECAP,2025-07,SOLVENTE,4770.602,293252.0,0.016268,observed_positive_yield
RECAP,2025-07,ÓLEO COMBUSTÍVEL,31470.577,293252.0,0.107316,observed_positive_yield
RECAP,2025-07,ÓLEO DIESEL,139767.187,293252.0,0.476611,observed_positive_yield
RECAP,2025-08,GASOLINA A,106124.372,286456.0,0.370474,observed_positive_yield
RECAP,2025-08,GLP,26953.431,286456.0,0.094093,observed_positive_yield
RECAP,2025-08,OUTROS NÃO ENERGÉTICOS,20753.757,286456.0,0.07245,observed_positive_yield
RECAP,2025-08,SOLVENTE,6596.687,286456.0,0.023029,observed_positive_yield
RECAP,2025-08,ÓLEO COMBUSTÍVEL,24927.69,286456.0,0.087021,observed_positive_yield
RECAP,2025-08,ÓLEO DIESEL,135397.961,286456.0,0.472666,observed_positive_yield
RECAP,2025-09,GASOLINA A,97231.321,294001.0,0.330718,observed_positive_yield
RECAP,2025-09,GLP,22967.375,294001.0,0.07812,observed_positive_yield
RECAP,2025-09,OUTROS NÃO ENERGÉTICOS,14954.649,294001.0,0.050866,observed_positive_yield
RECAP,2025-09,SOLVENTE,5618.815,294001.0,0.019112,observed_positive_yield
RECAP,2025-09,ÓLEO COMBUSTÍVEL,36758.69,294001.0,0.125029,observed_positive_yield
RECAP,2025-09,ÓLEO DIESEL,131070.3,294001.0,0.445816,observed_positive_yield
RECAP,2025-10,GASOLINA A,100471.002,306828.0,0.327451,observed_positive_yield
RECAP,2025-10,GLP,25706.293,306828.0,0.083781,observed_positive_yield
RECAP,2025-10,NAFTA,1687.166,306828.0,0.005499,observed_positive_yield
RECAP,2025-10,OUTROS NÃO ENERGÉTICOS,9693.672,306828.0,0.031593,observed_positive_yield
RECAP,2025-10,SOLVENTE,3866.778,306828.0,0.012602,observed_positive_yield
RECAP,2025-10,ÓLEO COMBUSTÍVEL,37898.441,306828.0,0.123517,observed_positive_yield
RECAP,2025-10,ÓLEO DIESEL,138180.985,306828.0,0.450353,observed_positive_yield
RECAP,2025-11,GASOLINA A,89147.407,265176.0,0.336182,observed_positive_yield
RECAP,2025-11,GLP,23759.288,265176.0,0.089598,observed_positive_yield
RECAP,2025-11,NAFTA,4291.51,265176.0,0.016184,observed_positive_yield
RECAP,2025-11,OUTROS NÃO ENERGÉTICOS,9404.024,265176.0,0.035463,observed_positive_yield
RECAP,2025-11,SOLVENTE,4119.406,265176.0,0.015535,observed_positive_yield
RECAP,2025-11,ÓLEO COMBUSTÍVEL,44402.114,265176.0,0.167444,observed_positive_yield
RECAP,2025-11,ÓLEO DIESEL,102267.766,265176.0,0.38566,observed_positive_yield
RECAP,2025-12,GASOLINA A,103173.306,232021.0,0.444672,observed_positive_yield
RECAP,2025-12,GLP,26923.127,232021.0,0.116037,observed_positive_yield
RECAP,2025-12,OUTROS NÃO ENERGÉTICOS,17374.803,232021.0,0.074885,observed_positive_yield
RECAP,2025-12,ÓLEO COMBUSTÍVEL,14410.753,232021.0,0.06211,observed_positive_yield
RECAP,2025-12,ÓLEO DIESEL,102870.624,232021.0,0.443368,observed_positive_yield
REDUC,2025-01,ASFALTO,5603.701,1092948.0,0.005127,observed_positive_yield
REDUC,2025-01,COQUE,42697.782,1092948.0,0.039067,observed_positive_yield
REDUC,2025-01,GASOLINA A,232750.461,1092948.0,0.212957,observed_positive_yield
REDUC,2025-01,GLP,80504.748,1092948.0,0.073658,observed_positive_yield
REDUC,2025-01,LUBRIFICANTE,41563.951,1092948.0,0.038029,observed_positive_yield
REDUC,2025-01,NAFTA,91126.784,1092948.0,0.083377,observed_positive_yield
REDUC,2025-01,OUTROS NÃO ENERGÉTICOS,73640.112,1092948.0,0.067378,observed_positive_yield
REDUC,2025-01,PARAFINA,3092.933,1092948.0,0.00283,observed_positive_yield
REDUC,2025-01,QUEROSENE DE AVIAÇÃO,97269.089,1092948.0,0.088997,observed_positive_yield
REDUC,2025-01,ÓLEO COMBUSTÍVEL,227560.043,1092948.0,0.208208,observed_positive_yield
REDUC,2025-01,ÓLEO DIESEL,262071.719,1092948.0,0.239784,observed_positive_yield
REDUC,2025-02,ASFALTO,10446.158,937663.0,0.011141,observed_positive_yield
REDUC,2025-02,COQUE,33514.73,937663.0,0.035743,observed_positive_yield
REDUC,2025-02,GASOLINA A,194896.358,937663.0,0.207853,observed_positive_yield
REDUC,2025-02,GLP,66681.429,937663.0,0.071114,observed_positive_yield
REDUC,2025-02,LUBRIFICANTE,36995.528,937663.0,0.039455,observed_positive_yield
REDUC,2025-02,NAFTA,80389.89,937663.0,0.085734,observed_positive_yield
REDUC,2025-02,OUTROS NÃO ENERGÉTICOS,70146.016,937663.0,0.074809,observed_positive_yield
REDUC,2025-02,PARAFINA,952.534,937663.0,0.001016,observed_positive_yield
REDUC,2025-02,QUEROSENE DE AVIAÇÃO,90340.926,937663.0,0.096347,observed_positive_yield
REDUC,2025-02,ÓLEO COMBUSTÍVEL,202601.778,937663.0,0.216071,observed_positive_yield
REDUC,2025-02,ÓLEO DIESEL,241346.747,937663.0,0.257392,observed_positive_yield
REDUC,2025-03,ASFALTO,12993.746,1071566.0,0.012126,observed_positive_yield
REDUC,2025-03,COQUE,37783.671,1071566.0,0.03526,observed_positive_yield
REDUC,2025-03,GASOLINA A,228279.36,1071566.0,0.213033,observed_positive_yield
REDUC,2025-03,GLP,98581.13,1071566.0,0.091997,observed_positive_yield
REDUC,2025-03,LUBRIFICANTE,46473.031,1071566.0,0.043369,observed_positive_yield
REDUC,2025-03,NAFTA,86497.367,1071566.0,0.080721,observed_positive_yield
REDUC,2025-03,OUTROS NÃO ENERGÉTICOS,75789.895,1071566.0,0.070728,observed_positive_yield
REDUC,2025-03,PARAFINA,2137.965,1071566.0,0.001995,observed_positive_yield
REDUC,2025-03,QUEROSENE DE AVIAÇÃO,80318.997,1071566.0,0.074955,observed_positive_yield
REDUC,2025-03,ÓLEO COMBUSTÍVEL,284647.047,1071566.0,0.265637,observed_positive_yield
REDUC,2025-03,ÓLEO DIESEL,276491.731,1071566.0,0.258026,observed_positive_yield
REDUC,2025-04,ASFALTO,10738.055,897424.0,0.011965,observed_positive_yield
REDUC,2025-04,COQUE,32683.256,897424.0,0.036419,observed_positive_yield
REDUC,2025-04,GASOLINA A,99158.785,897424.0,0.110493,observed_positive_yield
REDUC,2025-04,GLP,66923.828,897424.0,0.074573,observed_positive_yield
REDUC,2025-04,LUBRIFICANTE,46901.41,897424.0,0.052262,observed_positive_yield
REDUC,2025-04,NAFTA,101665.766,897424.0,0.113286,observed_positive_yield
REDUC,2025-04,OUTROS NÃO ENERGÉTICOS,59823.572,897424.0,0.066661,observed_positive_yield
REDUC,2025-04,PARAFINA,2925.996,897424.0,0.00326,observed_positive_yield
REDUC,2025-04,QUEROSENE DE AVIAÇÃO,79567.534,897424.0,0.088662,observed_positive_yield
REDUC,2025-04,ÓLEO COMBUSTÍVEL,226677.565,897424.0,0.252587,observed_positive_yield
REDUC,2025-04,ÓLEO DIESEL,213864.085,897424.0,0.238309,observed_positive_yield
REDUC,2025-05,ASFALTO,10248.605,1046600.0,0.009792,observed_positive_yield
REDUC,2025-05,COQUE,38986.444,1046600.0,0.037251,observed_positive_yield
REDUC,2025-05,GASOLINA A,187497.666,1046600.0,0.179149,observed_positive_yield
REDUC,2025-05,GLP,89739.643,1046600.0,0.085744,observed_positive_yield
REDUC,2025-05,LUBRIFICANTE,44182.11,1046600.0,0.042215,observed_positive_yield
REDUC,2025-05,NAFTA,132118.617,1046600.0,0.126236,observed_positive_yield
REDUC,2025-05,OUTROS NÃO ENERGÉTICOS,75351.179,1046600.0,0.071996,observed_positive_yield
REDUC,2025-05,PARAFINA,3196.174,1046600.0,0.003054,observed_positive_yield
REDUC,2025-05,QUEROSENE DE AVIAÇÃO,82612.523,1046600.0,0.078934,observed_positive_yield
REDUC,2025-05,ÓLEO COMBUSTÍVEL,256853.99,1046600.0,0.245418,observed_positive_yield
REDUC,2025-05,ÓLEO DIESEL,252599.553,1046600.0,0.241353,observed_positive_yield
REDUC,2025-06,ASFALTO,17034.371,983926.0,0.017313,observed_positive_yield
REDUC,2025-06,COQUE,31706.536,983926.0,0.032225,observed_positive_yield
REDUC,2025-06,GASOLINA A,183507.635,983926.0,0.186506,observed_positive_yield
REDUC,2025-06,GLP,85570.393,983926.0,0.086968,observed_positive_yield
REDUC,2025-06,LUBRIFICANTE,46816.557,983926.0,0.047581,observed_positive_yield
REDUC,2025-06,NAFTA,157236.691,983926.0,0.159805,observed_positive_yield
REDUC,2025-06,OUTROS NÃO ENERGÉTICOS,79702.446,983926.0,0.081005,observed_positive_yield
REDUC,2025-06,PARAFINA,2872.093,983926.0,0.002919,observed_positive_yield
REDUC,2025-06,QUEROSENE DE AVIAÇÃO,76183.692,983926.0,0.077428,observed_positive_yield
REDUC,2025-06,SOLVENTE,0.8,983926.0,1e-06,observed_positive_yield
REDUC,2025-06,ÓLEO COMBUSTÍVEL,227897.757,983926.0,0.231621,observed_positive_yield
REDUC,2025-06,ÓLEO DIESEL,252508.833,983926.0,0.256634,observed_positive_yield
REDUC,2025-07,ASFALTO,13763.541,1101294.0,0.012498,observed_positive_yield
REDUC,2025-07,COQUE,36673.097,1101294.0,0.0333,observed_positive_yield
REDUC,2025-07,GASOLINA A,217950.024,1101294.0,0.197904,observed_positive_yield
REDUC,2025-07,GLP,98074.319,1101294.0,0.089054,observed_positive_yield
REDUC,2025-07,LUBRIFICANTE,54552.364,1101294.0,0.049535,observed_positive_yield
REDUC,2025-07,NAFTA,123436.493,1101294.0,0.112083,observed_positive_yield
REDUC,2025-07,OUTROS NÃO ENERGÉTICOS,69987.605,1101294.0,0.06355,observed_positive_yield
REDUC,2025-07,PARAFINA,2751.625,1101294.0,0.002499,observed_positive_yield
REDUC,2025-07,QUEROSENE DE AVIAÇÃO,82329.283,1101294.0,0.074757,observed_positive_yield
REDUC,2025-07,ÓLEO COMBUSTÍVEL,224321.023,1101294.0,0.203689,observed_positive_yield
REDUC,2025-07,ÓLEO DIESEL,320325.554,1101294.0,0.290863,observed_positive_yield
REDUC,2025-08,ASFALTO,14264.517,965189.0,0.014779,observed_positive_yield
REDUC,2025-08,COQUE,35311.34,965189.0,0.036585,observed_positive_yield
REDUC,2025-08,GASOLINA A,203192.798,965189.0,0.210521,observed_positive_yield
REDUC,2025-08,GLP,119336.697,965189.0,0.123641,observed_positive_yield
REDUC,2025-08,LUBRIFICANTE,37174.896,965189.0,0.038516,observed_positive_yield
REDUC,2025-08,NAFTA,88096.89,965189.0,0.091274,observed_positive_yield
REDUC,2025-08,OUTROS NÃO ENERGÉTICOS,23132.306,965189.0,0.023967,observed_positive_yield
REDUC,2025-08,PARAFINA,2868.757,965189.0,0.002972,observed_positive_yield
REDUC,2025-08,QUEROSENE DE AVIAÇÃO,83426.035,965189.0,0.086435,observed_positive_yield
REDUC,2025-08,ÓLEO COMBUSTÍVEL,210256.027,965189.0,0.217839,observed_positive_yield
REDUC,2025-08,ÓLEO DIESEL,279023.847,965189.0,0.289087,observed_positive_yield
REDUC,2025-09,ASFALTO,15054.816,1034760.0,0.014549,observed_positive_yield
REDUC,2025-09,COQUE,37321.94,1034760.0,0.036068,observed_positive_yield
REDUC,2025-09,GASOLINA A,215666.0,1034760.0,0.208421,observed_positive_yield
REDUC,2025-09,GLP,103956.895,1034760.0,0.100465,observed_positive_yield
REDUC,2025-09,LUBRIFICANTE,35139.807,1034760.0,0.033959,observed_positive_yield
REDUC,2025-09,NAFTA,75228.38,1034760.0,0.072701,observed_positive_yield
REDUC,2025-09,OUTROS NÃO ENERGÉTICOS,36342.286,1034760.0,0.035121,observed_positive_yield
REDUC,2025-09,PARAFINA,2200.387,1034760.0,0.002126,observed_positive_yield
REDUC,2025-09,QUEROSENE DE AVIAÇÃO,60982.818,1034760.0,0.058934,observed_positive_yield
REDUC,2025-09,ÓLEO COMBUSTÍVEL,204065.977,1034760.0,0.197211,observed_positive_yield
REDUC,2025-09,ÓLEO DIESEL,322700.129,1034760.0,0.31186,observed_positive_yield
REDUC,2025-10,ASFALTO,14406.377,1098510.0,0.013114,observed_positive_yield
REDUC,2025-10,COQUE,34151.991,1098510.0,0.031089,observed_positive_yield
REDUC,2025-10,GASOLINA A,202481.64,1098510.0,0.184324,observed_positive_yield
REDUC,2025-10,GLP,99626.864,1098510.0,0.090693,observed_positive_yield
REDUC,2025-10,LUBRIFICANTE,43886.115,1098510.0,0.039951,observed_positive_yield
REDUC,2025-10,NAFTA,153073.713,1098510.0,0.139347,observed_positive_yield
REDUC,2025-10,OUTROS NÃO ENERGÉTICOS,75724.279,1098510.0,0.068934,observed_positive_yield
REDUC,2025-10,PARAFINA,3182.917,1098510.0,0.002897,observed_positive_yield
REDUC,2025-10,QUEROSENE DE AVIAÇÃO,73211.949,1098510.0,0.066647,observed_positive_yield
REDUC,2025-10,ÓLEO COMBUSTÍVEL,258745.813,1098510.0,0.235543,observed_positive_yield
REDUC,2025-10,ÓLEO DIESEL,324917.721,1098510.0,0.29578,observed_positive_yield
REDUC,2025-11,ASFALTO,20096.113,1101987.0,0.018236,observed_positive_yield
REDUC,2025-11,COQUE,35129.655,1101987.0,0.031878,observed_positive_yield
REDUC,2025-11,GASOLINA A,195978.021,1101987.0,0.177841,observed_positive_yield
REDUC,2025-11,GLP,93861.569,1101987.0,0.085175,observed_positive_yield
REDUC,2025-11,LUBRIFICANTE,36371.569,1101987.0,0.033005,observed_positive_yield
REDUC,2025-11,NAFTA,143005.004,1101987.0,0.12977,observed_positive_yield
REDUC,2025-11,OUTROS NÃO ENERGÉTICOS,68417.808,1101987.0,0.062086,observed_positive_yield
REDUC,2025-11,PARAFINA,4040.21,1101987.0,0.003666,observed_positive_yield
REDUC,2025-11,QUEROSENE DE AVIAÇÃO,66314.582,1101987.0,0.060177,observed_positive_yield
REDUC,2025-11,ÓLEO COMBUSTÍVEL,218401.743,1101987.0,0.198189,observed_positive_yield
REDUC,2025-11,ÓLEO DIESEL,302953.88,1101987.0,0.274916,observed_positive_yield
REDUC,2025-12,ASFALTO,15117.58,1187185.0,0.012734,observed_positive_yield
REDUC,2025-12,COQUE,37503.102,1187185.0,0.03159,observed_positive_yield
REDUC,2025-12,GASOLINA A,201131.337,1187185.0,0.169419,observed_positive_yield
REDUC,2025-12,GLP,106769.013,1187185.0,0.089935,observed_positive_yield
REDUC,2025-12,LUBRIFICANTE,36454.073,1187185.0,0.030706,observed_positive_yield
REDUC,2025-12,NAFTA,149519.859,1187185.0,0.125945,observed_positive_yield
REDUC,2025-12,OUTROS NÃO ENERGÉTICOS,71490.692,1187185.0,0.060219,observed_positive_yield
REDUC,2025-12,PARAFINA,4603.081,1187185.0,0.003877,observed_positive_yield
REDUC,2025-12,QUEROSENE DE AVIAÇÃO,101649.398,1187185.0,0.085622,observed_positive_yield
REDUC,2025-12,ÓLEO COMBUSTÍVEL,269545.368,1187185.0,0.227046,observed_positive_yield
REDUC,2025-12,ÓLEO DIESEL,336024.22,1187185.0,0.283043,observed_positive_yield
REFAP,2025-01,ASFALTO,17925.575,794935.0,0.02255,observed_positive_yield
REFAP,2025-01,COQUE,20554.983,794935.0,0.025857,observed_positive_yield
REFAP,2025-01,GASOLINA A,214794.204,794935.0,0.270203,observed_positive_yield
REFAP,2025-01,GLP,53956.406,794935.0,0.067875,observed_positive_yield
REFAP,2025-01,NAFTA,30898.041,794935.0,0.038869,observed_positive_yield
REFAP,2025-01,OUTROS NÃO ENERGÉTICOS,11166.708,794935.0,0.014047,observed_positive_yield
REFAP,2025-01,QUEROSENE DE AVIAÇÃO,9564.305,794935.0,0.012032,observed_positive_yield
REFAP,2025-01,ÓLEO COMBUSTÍVEL,40725.428,794935.0,0.051231,observed_positive_yield
REFAP,2025-01,ÓLEO DIESEL,380073.753,794935.0,0.478119,observed_positive_yield
REFAP,2025-02,ASFALTO,17801.342,811464.0,0.021937,observed_positive_yield
REFAP,2025-02,COQUE,17312.881,811464.0,0.021335,observed_positive_yield
REFAP,2025-02,GASOLINA A,218657.513,811464.0,0.269461,observed_positive_yield
REFAP,2025-02,GLP,56057.15,811464.0,0.069082,observed_positive_yield
REFAP,2025-02,NAFTA,45078.557,811464.0,0.055552,observed_positive_yield
REFAP,2025-02,OUTROS NÃO ENERGÉTICOS,6988.326,811464.0,0.008612,observed_positive_yield
REFAP,2025-02,QUEROSENE DE AVIAÇÃO,9661.907,811464.0,0.011907,observed_positive_yield
REFAP,2025-02,ÓLEO COMBUSTÍVEL,42020.932,811464.0,0.051784,observed_positive_yield
REFAP,2025-02,ÓLEO DIESEL,390730.388,811464.0,0.481513,observed_positive_yield
REFAP,2025-03,ASFALTO,21583.621,846419.0,0.0255,observed_positive_yield
REFAP,2025-03,COQUE,14241.808,846419.0,0.016826,observed_positive_yield
REFAP,2025-03,GASOLINA A,236143.86,846419.0,0.278992,observed_positive_yield
REFAP,2025-03,GLP,63955.136,846419.0,0.07556,observed_positive_yield
REFAP,2025-03,NAFTA,36025.312,846419.0,0.042562,observed_positive_yield
REFAP,2025-03,OUTROS NÃO ENERGÉTICOS,12420.147,846419.0,0.014674,observed_positive_yield
REFAP,2025-03,QUEROSENE DE AVIAÇÃO,11820.704,846419.0,0.013966,observed_positive_yield
REFAP,2025-03,ÓLEO COMBUSTÍVEL,35890.498,846419.0,0.042403,observed_positive_yield
REFAP,2025-03,ÓLEO DIESEL,378821.09,846419.0,0.447557,observed_positive_yield
REFAP,2025-04,ASFALTO,17536.551,709408.0,0.02472,observed_positive_yield
REFAP,2025-04,COQUE,14031.842,709408.0,0.01978,observed_positive_yield
REFAP,2025-04,GASOLINA A,210481.448,709408.0,0.2967,observed_positive_yield
REFAP,2025-04,GLP,36007.114,709408.0,0.050757,observed_positive_yield
REFAP,2025-04,QUEROSENE DE AVIAÇÃO,11018.067,709408.0,0.015531,observed_positive_yield
REFAP,2025-04,ÓLEO COMBUSTÍVEL,49264.73,709408.0,0.069445,observed_positive_yield
REFAP,2025-04,ÓLEO DIESEL,301352.863,709408.0,0.424795,observed_positive_yield
REFAP,2025-05,ASFALTO,12508.22,796628.0,0.015701,observed_positive_yield
REFAP,2025-05,COQUE,12602.26,796628.0,0.01582,observed_positive_yield
REFAP,2025-05,GASOLINA A,201348.604,796628.0,0.252751,observed_positive_yield
REFAP,2025-05,GLP,45394.808,796628.0,0.056984,observed_positive_yield
REFAP,2025-05,NAFTA,17183.22,796628.0,0.02157,observed_positive_yield
REFAP,2025-05,OUTROS NÃO ENERGÉTICOS,7831.295,796628.0,0.009831,observed_positive_yield
REFAP,2025-05,QUEROSENE DE AVIAÇÃO,13153.725,796628.0,0.016512,observed_positive_yield
REFAP,2025-05,ÓLEO COMBUSTÍVEL,50522.264,796628.0,0.06342,observed_positive_yield
REFAP,2025-05,ÓLEO DIESEL,378053.538,796628.0,0.474567,observed_positive_yield
REFAP,2025-06,ASFALTO,5801.732,624495.0,0.00929,observed_positive_yield
REFAP,2025-06,COQUE,12957.062,624495.0,0.020748,observed_positive_yield
REFAP,2025-06,GASOLINA A,198009.401,624495.0,0.317071,observed_positive_yield
REFAP,2025-06,GLP,40121.757,624495.0,0.064247,observed_positive_yield
REFAP,2025-06,OUTROS NÃO ENERGÉTICOS,6813.074,624495.0,0.01091,observed_positive_yield
REFAP,2025-06,QUEROSENE DE AVIAÇÃO,10259.306,624495.0,0.016428,observed_positive_yield
REFAP,2025-06,ÓLEO COMBUSTÍVEL,49567.14,624495.0,0.079372,observed_positive_yield
REFAP,2025-06,ÓLEO DIESEL,317923.471,624495.0,0.509089,observed_positive_yield
REFAP,2025-07,ASFALTO,1478.855,665659.0,0.002222,observed_positive_yield
REFAP,2025-07,COQUE,9558.554,665659.0,0.01436,observed_positive_yield
REFAP,2025-07,GASOLINA A,217138.026,665659.0,0.3262,observed_positive_yield
REFAP,2025-07,GLP,64471.293,665659.0,0.096853,observed_positive_yield
REFAP,2025-07,NAFTA,33773.382,665659.0,0.050737,observed_positive_yield
REFAP,2025-07,OUTROS NÃO ENERGÉTICOS,4947.612,665659.0,0.007433,observed_positive_yield
REFAP,2025-07,QUEROSENE DE AVIAÇÃO,12833.041,665659.0,0.019279,observed_positive_yield
REFAP,2025-07,ÓLEO COMBUSTÍVEL,50826.502,665659.0,0.076355,observed_positive_yield
REFAP,2025-07,ÓLEO DIESEL,338080.816,665659.0,0.507889,observed_positive_yield
REFAP,2025-08,ASFALTO,17492.713,879252.0,0.019895,observed_positive_yield
REFAP,2025-08,COQUE,7528.814,879252.0,0.008563,observed_positive_yield
REFAP,2025-08,GASOLINA A,235375.779,879252.0,0.2677,observed_positive_yield
REFAP,2025-08,GLP,63928.35,879252.0,0.072708,observed_positive_yield
REFAP,2025-08,NAFTA,34204.497,879252.0,0.038902,observed_positive_yield
REFAP,2025-08,OUTROS NÃO ENERGÉTICOS,9264.217,879252.0,0.010536,observed_positive_yield
REFAP,2025-08,QUEROSENE DE AVIAÇÃO,16648.37,879252.0,0.018935,observed_positive_yield
REFAP,2025-08,ÓLEO COMBUSTÍVEL,53376.894,879252.0,0.060707,observed_positive_yield
REFAP,2025-08,ÓLEO DIESEL,407910.547,879252.0,0.463929,observed_positive_yield
REFAP,2025-09,ASFALTO,11383.363,872169.0,0.013052,observed_positive_yield
REFAP,2025-09,COQUE,17690.893,872169.0,0.020284,observed_positive_yield
REFAP,2025-09,GASOLINA A,231869.784,872169.0,0.265854,observed_positive_yield
REFAP,2025-09,GLP,73802.732,872169.0,0.08462,observed_positive_yield
REFAP,2025-09,NAFTA,57234.543,872169.0,0.065623,observed_positive_yield
REFAP,2025-09,OUTROS NÃO ENERGÉTICOS,1116.781,872169.0,0.00128,observed_positive_yield
REFAP,2025-09,QUEROSENE DE AVIAÇÃO,9573.682,872169.0,0.010977,observed_positive_yield
REFAP,2025-09,ÓLEO COMBUSTÍVEL,57367.116,872169.0,0.065775,observed_positive_yield
REFAP,2025-09,ÓLEO DIESEL,399373.227,872169.0,0.457908,observed_positive_yield
REFAP,2025-10,ASFALTO,11699.193,850027.0,0.013763,observed_positive_yield
REFAP,2025-10,COQUE,17283.435,850027.0,0.020333,observed_positive_yield
REFAP,2025-10,GASOLINA A,259892.853,850027.0,0.305747,observed_positive_yield
REFAP,2025-10,GLP,69852.982,850027.0,0.082177,observed_positive_yield
REFAP,2025-10,NAFTA,33380.506,850027.0,0.03927,observed_positive_yield
REFAP,2025-10,OUTROS NÃO ENERGÉTICOS,8732.107,850027.0,0.010273,observed_positive_yield
REFAP,2025-10,QUEROSENE DE AVIAÇÃO,13210.213,850027.0,0.015541,observed_positive_yield
REFAP,2025-10,ÓLEO COMBUSTÍVEL,42862.594,850027.0,0.050425,observed_positive_yield
REFAP,2025-10,ÓLEO DIESEL,409633.976,850027.0,0.481907,observed_positive_yield
REFAP,2025-11,ASFALTO,21949.76,923714.0,0.023763,observed_positive_yield
REFAP,2025-11,COQUE,16568.362,923714.0,0.017937,observed_positive_yield
REFAP,2025-11,GASOLINA A,236823.469,923714.0,0.256382,observed_positive_yield
REFAP,2025-11,GLP,73080.092,923714.0,0.079115,observed_positive_yield
REFAP,2025-11,NAFTA,49490.562,923714.0,0.053578,observed_positive_yield
REFAP,2025-11,OUTROS NÃO ENERGÉTICOS,806.132,923714.0,0.000873,observed_positive_yield
REFAP,2025-11,QUEROSENE DE AVIAÇÃO,18302.89,923714.0,0.019814,observed_positive_yield
REFAP,2025-11,ÓLEO COMBUSTÍVEL,46174.584,923714.0,0.049988,observed_positive_yield
REFAP,2025-11,ÓLEO DIESEL,405846.746,923714.0,0.439364,observed_positive_yield
REFAP,2025-12,ASFALTO,15946.532,953288.0,0.016728,observed_positive_yield
REFAP,2025-12,COQUE,19071.186,953288.0,0.020006,observed_positive_yield
REFAP,2025-12,GASOLINA A,275380.653,953288.0,0.288875,observed_positive_yield
REFAP,2025-12,GLP,69038.341,953288.0,0.072421,observed_positive_yield
REFAP,2025-12,NAFTA,29474.419,953288.0,0.030919,observed_positive_yield
REFAP,2025-12,OUTROS NÃO ENERGÉTICOS,2674.053,953288.0,0.002805,observed_positive_yield
REFAP,2025-12,QUEROSENE DE AVIAÇÃO,15451.552,953288.0,0.016209,observed_positive_yield
REFAP,2025-12,ÓLEO COMBUSTÍVEL,47946.571,953288.0,0.050296,observed_positive_yield
REFAP,2025-12,ÓLEO DIESEL,449448.707,953288.0,0.471472,observed_positive_yield
REFMAT,2025-01,ASFALTO,10033.008,1349557.0,0.007434,observed_positive_yield
REFMAT,2025-01,GASOLINA A,252235.573,1349557.0,0.186902,observed_positive_yield
REFMAT,2025-01,GLP,59316.207,1349557.0,0.043952,observed_positive_yield
REFMAT,2025-01,LUBRIFICANTE,4959.954,1349557.0,0.003675,observed_positive_yield
REFMAT,2025-01,NAFTA,86158.405,1349557.0,0.063842,observed_positive_yield
REFMAT,2025-01,OUTROS NÃO ENERGÉTICOS,16089.239,1349557.0,0.011922,observed_positive_yield
REFMAT,2025-01,PARAFINA,5864.371,1349557.0,0.004345,observed_positive_yield
REFMAT,2025-01,QUEROSENE DE AVIAÇÃO,68016.649,1349557.0,0.050399,observed_positive_yield
REFMAT,2025-01,QUEROSENE ILUMINANTE,487.7,1349557.0,0.000361,observed_positive_yield
REFMAT,2025-01,ÓLEO COMBUSTÍVEL,420922.816,1349557.0,0.311897,observed_positive_yield
REFMAT,2025-01,ÓLEO DIESEL,468331.445,1349557.0,0.347026,observed_positive_yield
REFMAT,2025-02,ASFALTO,20349.552,1174666.0,0.017324,observed_positive_yield
REFMAT,2025-02,GASOLINA A,224706.56,1174666.0,0.191294,observed_positive_yield
REFMAT,2025-02,GLP,49790.009,1174666.0,0.042387,observed_positive_yield
REFMAT,2025-02,LUBRIFICANTE,388.564,1174666.0,0.000331,observed_positive_yield
REFMAT,2025-02,NAFTA,95488.746,1174666.0,0.08129,observed_positive_yield
REFMAT,2025-02,OUTROS NÃO ENERGÉTICOS,19053.902,1174666.0,0.016221,observed_positive_yield
REFMAT,2025-02,PARAFINA,1783.358,1174666.0,0.001518,observed_positive_yield
REFMAT,2025-02,QUEROSENE DE AVIAÇÃO,52176.265,1174666.0,0.044418,observed_positive_yield
REFMAT,2025-02,QUEROSENE ILUMINANTE,188.1,1174666.0,0.00016,observed_positive_yield
REFMAT,2025-02,ÓLEO COMBUSTÍVEL,396982.97,1174666.0,0.337954,observed_positive_yield
REFMAT,2025-02,ÓLEO DIESEL,395327.417,1174666.0,0.336545,observed_positive_yield
REFMAT,2025-03,GASOLINA A,299498.524,1289924.0,0.232183,observed_positive_yield
REFMAT,2025-03,GLP,59487.754,1289924.0,0.046117,observed_positive_yield
REFMAT,2025-03,LUBRIFICANTE,5825.873,1289924.0,0.004516,observed_positive_yield
REFMAT,2025-03,NAFTA,81479.914,1289924.0,0.063166,observed_positive_yield
REFMAT,2025-03,OUTROS NÃO ENERGÉTICOS,14676.493,1289924.0,0.011378,observed_positive_yield
REFMAT,2025-03,PARAFINA,7501.963,1289924.0,0.005816,observed_positive_yield
REFMAT,2025-03,QUEROSENE DE AVIAÇÃO,64113.539,1289924.0,0.049703,observed_positive_yield
REFMAT,2025-03,QUEROSENE ILUMINANTE,237.0,1289924.0,0.000184,observed_positive_yield
REFMAT,2025-03,ÓLEO COMBUSTÍVEL,441846.297,1289924.0,0.342537,observed_positive_yield
REFMAT,2025-03,ÓLEO DIESEL,455317.928,1289924.0,0.35298,observed_positive_yield
REFMAT,2025-04,ASFALTO,9475.866,1039936.0,0.009112,observed_positive_yield
REFMAT,2025-04,GASOLINA A,340956.972,1039936.0,0.327863,observed_positive_yield
REFMAT,2025-04,GLP,75184.694,1039936.0,0.072297,observed_positive_yield
REFMAT,2025-04,LUBRIFICANTE,3826.269,1039936.0,0.003679,observed_positive_yield
REFMAT,2025-04,NAFTA,173780.733,1039936.0,0.167107,observed_positive_yield
REFMAT,2025-04,OUTROS NÃO ENERGÉTICOS,13918.29,1039936.0,0.013384,observed_positive_yield
REFMAT,2025-04,PARAFINA,7505.613,1039936.0,0.007217,observed_positive_yield
REFMAT,2025-04,QUEROSENE DE AVIAÇÃO,66436.468,1039936.0,0.063885,observed_positive_yield
REFMAT,2025-04,ÓLEO COMBUSTÍVEL,413528.192,1039936.0,0.397648,observed_positive_yield
REFMAT,2025-04,ÓLEO DIESEL,374618.32,1039936.0,0.360232,observed_positive_yield
REFMAT,2025-05,ASFALTO,11035.057,1010613.0,0.010919,observed_positive_yield
REFMAT,2025-05,GASOLINA A,277594.492,1010613.0,0.274679,observed_positive_yield
REFMAT,2025-05,GLP,52412.522,1010613.0,0.051862,observed_positive_yield
REFMAT,2025-05,LUBRIFICANTE,3501.202,1010613.0,0.003464,observed_positive_yield
REFMAT,2025-05,NAFTA,71280.2,1010613.0,0.070532,observed_positive_yield
REFMAT,2025-05,OUTROS NÃO ENERGÉTICOS,15528.917,1010613.0,0.015366,observed_positive_yield
REFMAT,2025-05,PARAFINA,10370.349,1010613.0,0.010261,observed_positive_yield
REFMAT,2025-05,QUEROSENE DE AVIAÇÃO,57117.96,1010613.0,0.056518,observed_positive_yield
REFMAT,2025-05,ÓLEO COMBUSTÍVEL,376919.881,1010613.0,0.372962,observed_positive_yield
REFMAT,2025-05,ÓLEO DIESEL,286753.705,1010613.0,0.283742,observed_positive_yield
REFMAT,2025-06,ASFALTO,5917.698,1367048.0,0.004329,observed_positive_yield
REFMAT,2025-06,GASOLINA A,299246.31,1367048.0,0.2189,observed_positive_yield
REFMAT,2025-06,GLP,58009.522,1367048.0,0.042434,observed_positive_yield
REFMAT,2025-06,LUBRIFICANTE,807.046,1367048.0,0.00059,observed_positive_yield
REFMAT,2025-06,NAFTA,51329.333,1367048.0,0.037548,observed_positive_yield
REFMAT,2025-06,OUTROS NÃO ENERGÉTICOS,18320.4,1367048.0,0.013401,observed_positive_yield
REFMAT,2025-06,PARAFINA,6223.757,1367048.0,0.004553,observed_positive_yield
REFMAT,2025-06,QUEROSENE DE AVIAÇÃO,51416.395,1367048.0,0.037611,observed_positive_yield
REFMAT,2025-06,ÓLEO COMBUSTÍVEL,323908.736,1367048.0,0.23694,observed_positive_yield
REFMAT,2025-06,ÓLEO DIESEL,423250.851,1367048.0,0.309609,observed_positive_yield
REFMAT,2025-07,ASFALTO,7679.834,1323382.0,0.005803,observed_positive_yield
REFMAT,2025-07,GASOLINA A,245592.595,1323382.0,0.18558,observed_positive_yield
REFMAT,2025-07,GLP,51830.676,1323382.0,0.039165,observed_positive_yield
REFMAT,2025-07,LUBRIFICANTE,6535.412,1323382.0,0.004938,observed_positive_yield
REFMAT,2025-07,NAFTA,73524.552,1323382.0,0.055558,observed_positive_yield
REFMAT,2025-07,OUTROS NÃO ENERGÉTICOS,3230.603,1323382.0,0.002441,observed_positive_yield
REFMAT,2025-07,PARAFINA,5629.78,1323382.0,0.004254,observed_positive_yield
REFMAT,2025-07,QUEROSENE DE AVIAÇÃO,53850.046,1323382.0,0.040691,observed_positive_yield
REFMAT,2025-07,SOLVENTE,39.138,1323382.0,3e-05,observed_positive_yield
REFMAT,2025-07,ÓLEO COMBUSTÍVEL,398628.933,1323382.0,0.30122,observed_positive_yield
REFMAT,2025-07,ÓLEO DIESEL,397166.656,1323382.0,0.300115,observed_positive_yield
REFMAT,2025-08,ASFALTO,7817.376,1394480.0,0.005606,observed_positive_yield
REFMAT,2025-08,GASOLINA A,333268.542,1394480.0,0.238991,observed_positive_yield
REFMAT,2025-08,GLP,57351.871,1394480.0,0.041128,observed_positive_yield
REFMAT,2025-08,LUBRIFICANTE,3611.134,1394480.0,0.00259,observed_positive_yield
REFMAT,2025-08,NAFTA,78172.31,1394480.0,0.056058,observed_positive_yield
REFMAT,2025-08,OUTROS NÃO ENERGÉTICOS,15201.321,1394480.0,0.010901,observed_positive_yield
REFMAT,2025-08,PARAFINA,4234.754,1394480.0,0.003037,observed_positive_yield
REFMAT,2025-08,QUEROSENE DE AVIAÇÃO,61715.053,1394480.0,0.044257,observed_positive_yield
REFMAT,2025-08,ÓLEO COMBUSTÍVEL,325871.182,1394480.0,0.233687,observed_positive_yield
REFMAT,2025-08,ÓLEO DIESEL,469219.981,1394480.0,0.336484,observed_positive_yield
REFMAT,2025-09,ASFALTO,8036.748,1316192.0,0.006106,observed_positive_yield
REFMAT,2025-09,GASOLINA A,244998.723,1316192.0,0.186142,observed_positive_yield
REFMAT,2025-09,GLP,45081.076,1316192.0,0.034251,observed_positive_yield
REFMAT,2025-09,LUBRIFICANTE,6368.05,1316192.0,0.004838,observed_positive_yield
REFMAT,2025-09,NAFTA,46566.284,1316192.0,0.03538,observed_positive_yield
REFMAT,2025-09,OUTROS NÃO ENERGÉTICOS,13707.888,1316192.0,0.010415,observed_positive_yield
REFMAT,2025-09,PARAFINA,8917.893,1316192.0,0.006776,observed_positive_yield
REFMAT,2025-09,QUEROSENE DE AVIAÇÃO,41440.174,1316192.0,0.031485,observed_positive_yield
REFMAT,2025-09,ÓLEO COMBUSTÍVEL,367384.575,1316192.0,0.279127,observed_positive_yield
REFMAT,2025-09,ÓLEO DIESEL,424482.799,1316192.0,0.322508,observed_positive_yield
REFMAT,2025-10,ASFALTO,7985.761,1405819.0,0.005681,observed_positive_yield
REFMAT,2025-10,GASOLINA A,333315.96,1405819.0,0.237097,observed_positive_yield
REFMAT,2025-10,GLP,60467.487,1405819.0,0.043012,observed_positive_yield
REFMAT,2025-10,LUBRIFICANTE,6116.079,1405819.0,0.004351,observed_positive_yield
REFMAT,2025-10,NAFTA,48305.156,1405819.0,0.034361,observed_positive_yield
REFMAT,2025-10,OUTROS NÃO ENERGÉTICOS,24544.339,1405819.0,0.017459,observed_positive_yield
REFMAT,2025-10,PARAFINA,6302.126,1405819.0,0.004483,observed_positive_yield
REFMAT,2025-10,QUEROSENE DE AVIAÇÃO,58817.612,1405819.0,0.041839,observed_positive_yield
REFMAT,2025-10,ÓLEO COMBUSTÍVEL,344396.5,1405819.0,0.244979,observed_positive_yield
REFMAT,2025-10,ÓLEO DIESEL,444670.388,1405819.0,0.316307,observed_positive_yield
REFMAT,2025-11,ASFALTO,10409.502,1374764.0,0.007572,observed_positive_yield
REFMAT,2025-11,GASOLINA A,322423.361,1374764.0,0.23453,observed_positive_yield
REFMAT,2025-11,GLP,58703.375,1374764.0,0.042701,observed_positive_yield
REFMAT,2025-11,LUBRIFICANTE,7143.323,1374764.0,0.005196,observed_positive_yield
REFMAT,2025-11,NAFTA,65629.316,1374764.0,0.047739,observed_positive_yield
REFMAT,2025-11,PARAFINA,4978.285,1374764.0,0.003621,observed_positive_yield
REFMAT,2025-11,QUEROSENE DE AVIAÇÃO,59239.637,1374764.0,0.043091,observed_positive_yield
REFMAT,2025-11,ÓLEO COMBUSTÍVEL,325167.658,1374764.0,0.236526,observed_positive_yield
REFMAT,2025-11,ÓLEO DIESEL,411591.84,1374764.0,0.299391,observed_positive_yield
REFMAT,2025-12,ASFALTO,9958.119,1162560.0,0.008566,observed_positive_yield
REFMAT,2025-12,GASOLINA A,238806.055,1162560.0,0.205414,observed_positive_yield
REFMAT,2025-12,GLP,59755.518,1162560.0,0.0514,observed_positive_yield
REFMAT,2025-12,LUBRIFICANTE,1600.228,1162560.0,0.001376,observed_positive_yield
REFMAT,2025-12,NAFTA,71123.493,1162560.0,0.061178,observed_positive_yield
REFMAT,2025-12,OUTROS NÃO ENERGÉTICOS,15684.554,1162560.0,0.013491,observed_positive_yield
REFMAT,2025-12,PARAFINA,4846.352,1162560.0,0.004169,observed_positive_yield
REFMAT,2025-12,QUEROSENE DE AVIAÇÃO,40786.778,1162560.0,0.035084,observed_positive_yield
REFMAT,2025-12,ÓLEO COMBUSTÍVEL,279919.328,1162560.0,0.240778,observed_positive_yield
REFMAT,2025-12,ÓLEO DIESEL,320165.894,1162560.0,0.275397,observed_positive_yield
REGAP,2025-01,ASFALTO,18887.156,703462.0,0.026849,observed_positive_yield
REGAP,2025-01,COQUE,32398.87,703462.0,0.046056,observed_positive_yield
REGAP,2025-01,GASOLINA A,196917.471,703462.0,0.279926,observed_positive_yield
REGAP,2025-01,GLP,50301.645,703462.0,0.071506,observed_positive_yield
REGAP,2025-01,OUTROS NÃO ENERGÉTICOS,2660.005,703462.0,0.003781,observed_positive_yield
REGAP,2025-01,QUEROSENE DE AVIAÇÃO,54183.433,703462.0,0.077024,observed_positive_yield
REGAP,2025-01,ÓLEO COMBUSTÍVEL,48214.88,703462.0,0.068539,observed_positive_yield
REGAP,2025-01,ÓLEO DIESEL,318067.186,703462.0,0.452146,observed_positive_yield
REGAP,2025-02,ASFALTO,29867.834,679075.0,0.043983,observed_positive_yield
REGAP,2025-02,COQUE,30995.48,679075.0,0.045644,observed_positive_yield
REGAP,2025-02,GASOLINA A,175682.511,679075.0,0.258709,observed_positive_yield
REGAP,2025-02,GLP,52722.531,679075.0,0.077639,observed_positive_yield
REGAP,2025-02,NAFTA,359.878,679075.0,0.00053,observed_positive_yield
REGAP,2025-02,QUEROSENE DE AVIAÇÃO,54896.42,679075.0,0.08084,observed_positive_yield
REGAP,2025-02,ÓLEO COMBUSTÍVEL,44564.733,679075.0,0.065626,observed_positive_yield
REGAP,2025-02,ÓLEO DIESEL,304601.43,679075.0,0.448553,observed_positive_yield
REGAP,2025-03,ASFALTO,28153.693,733824.0,0.038366,observed_positive_yield
REGAP,2025-03,COQUE,35306.215,733824.0,0.048113,observed_positive_yield
REGAP,2025-03,GASOLINA A,193248.323,733824.0,0.263344,observed_positive_yield
REGAP,2025-03,GLP,61126.217,733824.0,0.083298,observed_positive_yield
REGAP,2025-03,NAFTA,2401.31,733824.0,0.003272,observed_positive_yield
REGAP,2025-03,OUTROS NÃO ENERGÉTICOS,5352.405,733824.0,0.007294,observed_positive_yield
REGAP,2025-03,QUEROSENE DE AVIAÇÃO,46121.049,733824.0,0.06285,observed_positive_yield
REGAP,2025-03,ÓLEO COMBUSTÍVEL,53050.14,733824.0,0.072293,observed_positive_yield
REGAP,2025-03,ÓLEO DIESEL,348812.266,733824.0,0.475335,observed_positive_yield
REGAP,2025-04,ASFALTO,33084.568,724620.0,0.045658,observed_positive_yield
REGAP,2025-04,COQUE,37343.503,724620.0,0.051535,observed_positive_yield
REGAP,2025-04,GASOLINA A,188282.305,724620.0,0.259836,observed_positive_yield
REGAP,2025-04,GLP,55808.538,724620.0,0.077018,observed_positive_yield
REGAP,2025-04,OUTROS NÃO ENERGÉTICOS,5940.045,724620.0,0.008197,observed_positive_yield
REGAP,2025-04,QUEROSENE DE AVIAÇÃO,42593.646,724620.0,0.058781,observed_positive_yield
REGAP,2025-04,ÓLEO COMBUSTÍVEL,51828.518,724620.0,0.071525,observed_positive_yield
REGAP,2025-04,ÓLEO DIESEL,336302.736,724620.0,0.464109,observed_positive_yield
REGAP,2025-05,ASFALTO,42114.594,747558.0,0.056336,observed_positive_yield
REGAP,2025-05,COQUE,38974.011,747558.0,0.052135,observed_positive_yield
REGAP,2025-05,GASOLINA A,198037.67,747558.0,0.264913,observed_positive_yield
REGAP,2025-05,GLP,60623.254,747558.0,0.081095,observed_positive_yield
REGAP,2025-05,OUTROS NÃO ENERGÉTICOS,5127.603,747558.0,0.006859,observed_positive_yield
REGAP,2025-05,QUEROSENE DE AVIAÇÃO,56859.37,747558.0,0.07606,observed_positive_yield
REGAP,2025-05,ÓLEO COMBUSTÍVEL,49871.898,747558.0,0.066713,observed_positive_yield
REGAP,2025-05,ÓLEO DIESEL,326998.257,747558.0,0.437422,observed_positive_yield
REGAP,2025-06,ASFALTO,49283.48,733585.0,0.067182,observed_positive_yield
REGAP,2025-06,COQUE,28693.785,733585.0,0.039114,observed_positive_yield
REGAP,2025-06,GASOLINA A,212748.102,733585.0,0.290012,observed_positive_yield
REGAP,2025-06,GLP,57674.082,733585.0,0.078619,observed_positive_yield
REGAP,2025-06,NAFTA,472.955,733585.0,0.000645,observed_positive_yield
REGAP,2025-06,OUTROS NÃO ENERGÉTICOS,2951.015,733585.0,0.004023,observed_positive_yield
REGAP,2025-06,QUEROSENE DE AVIAÇÃO,49111.42,733585.0,0.066947,observed_positive_yield
REGAP,2025-06,ÓLEO COMBUSTÍVEL,43823.312,733585.0,0.059739,observed_positive_yield
REGAP,2025-06,ÓLEO DIESEL,338146.407,733585.0,0.460951,observed_positive_yield
REGAP,2025-07,ASFALTO,54951.369,739551.0,0.074304,observed_positive_yield
REGAP,2025-07,COQUE,37334.463,739551.0,0.050483,observed_positive_yield
REGAP,2025-07,GASOLINA A,178818.442,739551.0,0.241793,observed_positive_yield
REGAP,2025-07,GLP,45498.022,739551.0,0.061521,observed_positive_yield
REGAP,2025-07,NAFTA,54.123,739551.0,7.3e-05,observed_positive_yield
REGAP,2025-07,OUTROS NÃO ENERGÉTICOS,1314.232,739551.0,0.001777,observed_positive_yield
REGAP,2025-07,QUEROSENE DE AVIAÇÃO,53213.698,739551.0,0.071954,observed_positive_yield
REGAP,2025-07,ÓLEO COMBUSTÍVEL,38957.297,739551.0,0.052677,observed_positive_yield
REGAP,2025-07,ÓLEO DIESEL,335624.132,739551.0,0.453821,observed_positive_yield
REGAP,2025-08,ASFALTO,53175.708,773582.0,0.06874,observed_positive_yield
REGAP,2025-08,COQUE,39515.254,773582.0,0.051081,observed_positive_yield
REGAP,2025-08,GASOLINA A,212841.463,773582.0,0.275138,observed_positive_yield
REGAP,2025-08,GLP,55678.674,773582.0,0.071975,observed_positive_yield
REGAP,2025-08,OUTROS NÃO ENERGÉTICOS,1889.464,773582.0,0.002442,observed_positive_yield
REGAP,2025-08,QUEROSENE DE AVIAÇÃO,54310.953,773582.0,0.070207,observed_positive_yield
REGAP,2025-08,ÓLEO COMBUSTÍVEL,60205.324,773582.0,0.077827,observed_positive_yield
REGAP,2025-08,ÓLEO DIESEL,354901.845,773582.0,0.458777,observed_positive_yield
REGAP,2025-09,ASFALTO,58810.33,742545.0,0.079201,observed_positive_yield
REGAP,2025-09,COQUE,37473.446,742545.0,0.050466,observed_positive_yield
REGAP,2025-09,GASOLINA A,202305.916,742545.0,0.272449,observed_positive_yield
REGAP,2025-09,GLP,54903.884,742545.0,0.07394,observed_positive_yield
REGAP,2025-09,NAFTA,307.073,742545.0,0.000414,observed_positive_yield
REGAP,2025-09,OUTROS NÃO ENERGÉTICOS,4210.191,742545.0,0.00567,observed_positive_yield
REGAP,2025-09,QUEROSENE DE AVIAÇÃO,53953.79,742545.0,0.072661,observed_positive_yield
REGAP,2025-09,ÓLEO COMBUSTÍVEL,38379.997,742545.0,0.051687,observed_positive_yield
REGAP,2025-09,ÓLEO DIESEL,315719.418,742545.0,0.425186,observed_positive_yield
REGAP,2025-10,ASFALTO,62933.531,800267.0,0.078641,observed_positive_yield
REGAP,2025-10,COQUE,38376.271,800267.0,0.047954,observed_positive_yield
REGAP,2025-10,GASOLINA A,206106.73,800267.0,0.257547,observed_positive_yield
REGAP,2025-10,GLP,62782.683,800267.0,0.078452,observed_positive_yield
REGAP,2025-10,NAFTA,3842.383,800267.0,0.004801,observed_positive_yield
REGAP,2025-10,OUTROS NÃO ENERGÉTICOS,2865.302,800267.0,0.00358,observed_positive_yield
REGAP,2025-10,QUEROSENE DE AVIAÇÃO,58753.223,800267.0,0.073417,observed_positive_yield
REGAP,2025-10,ÓLEO COMBUSTÍVEL,33817.348,800267.0,0.042258,observed_positive_yield
REGAP,2025-10,ÓLEO DIESEL,352697.691,800267.0,0.440725,observed_positive_yield
REGAP,2025-11,ASFALTO,54581.878,741044.0,0.073655,observed_positive_yield
REGAP,2025-11,COQUE,33271.186,741044.0,0.044898,observed_positive_yield
REGAP,2025-11,GASOLINA A,208438.693,741044.0,0.281277,observed_positive_yield
REGAP,2025-11,GLP,61049.5,741044.0,0.082383,observed_positive_yield
REGAP,2025-11,NAFTA,406.113,741044.0,0.000548,observed_positive_yield
REGAP,2025-11,OUTROS NÃO ENERGÉTICOS,5585.431,741044.0,0.007537,observed_positive_yield
REGAP,2025-11,QUEROSENE DE AVIAÇÃO,53299.029,741044.0,0.071924,observed_positive_yield
REGAP,2025-11,ÓLEO COMBUSTÍVEL,45043.731,741044.0,0.060784,observed_positive_yield
REGAP,2025-11,ÓLEO DIESEL,331681.038,741044.0,0.447586,observed_positive_yield
REGAP,2025-12,ASFALTO,25820.241,749694.0,0.034441,observed_positive_yield
REGAP,2025-12,COQUE,40202.26,749694.0,0.053625,observed_positive_yield
REGAP,2025-12,GASOLINA A,217232.141,749694.0,0.289761,observed_positive_yield
REGAP,2025-12,GLP,57451.076,749694.0,0.076633,observed_positive_yield
REGAP,2025-12,OUTROS NÃO ENERGÉTICOS,2182.785,749694.0,0.002912,observed_positive_yield
REGAP,2025-12,QUEROSENE DE AVIAÇÃO,56149.385,749694.0,0.074896,observed_positive_yield
REGAP,2025-12,ÓLEO COMBUSTÍVEL,66681.131,749694.0,0.088944,observed_positive_yield
REGAP,2025-12,ÓLEO DIESEL,338933.793,749694.0,0.452096,observed_positive_yield
REPAR,2025-01,ASFALTO,25951.275,999700.0,0.025959,observed_positive_yield
REPAR,2025-01,COQUE,43673.446,999700.0,0.043687,observed_positive_yield
REPAR,2025-01,GASOLINA A,340921.577,999700.0,0.341024,observed_positive_yield
REPAR,2025-01,GLP,94184.652,999700.0,0.094213,observed_positive_yield
REPAR,2025-01,OUTROS NÃO ENERGÉTICOS,515.882,999700.0,0.000516,observed_positive_yield
REPAR,2025-01,QUEROSENE DE AVIAÇÃO,25608.494,999700.0,0.025616,observed_positive_yield
REPAR,2025-01,SOLVENTE,4023.033,999700.0,0.004024,observed_positive_yield
REPAR,2025-01,ÓLEO COMBUSTÍVEL,69587.324,999700.0,0.069608,observed_positive_yield
REPAR,2025-01,ÓLEO DIESEL,451104.917,999700.0,0.45124,observed_positive_yield
REPAR,2025-02,ASFALTO,32901.539,954411.0,0.034473,observed_positive_yield
REPAR,2025-02,COQUE,40881.356,954411.0,0.042834,observed_positive_yield
REPAR,2025-02,GASOLINA A,325932.403,954411.0,0.341501,observed_positive_yield
REPAR,2025-02,GLP,73822.582,954411.0,0.077349,observed_positive_yield
REPAR,2025-02,NAFTA,1205.204,954411.0,0.001263,observed_positive_yield
REPAR,2025-02,QUEROSENE DE AVIAÇÃO,23262.552,954411.0,0.024374,observed_positive_yield
REPAR,2025-02,SOLVENTE,4340.974,954411.0,0.004548,observed_positive_yield
REPAR,2025-02,ÓLEO COMBUSTÍVEL,77192.759,954411.0,0.08088,observed_positive_yield
REPAR,2025-02,ÓLEO DIESEL,435366.865,954411.0,0.456163,observed_positive_yield
REPAR,2025-03,ASFALTO,29438.404,1035641.0,0.028425,observed_positive_yield
REPAR,2025-03,COQUE,50238.418,1035641.0,0.048509,observed_positive_yield
REPAR,2025-03,GASOLINA A,337925.739,1035641.0,0.326296,observed_positive_yield
REPAR,2025-03,GLP,79978.283,1035641.0,0.077226,observed_positive_yield
REPAR,2025-03,NAFTA,1649.129,1035641.0,0.001592,observed_positive_yield
REPAR,2025-03,OUTROS NÃO ENERGÉTICOS,15620.404,1035641.0,0.015083,observed_positive_yield
REPAR,2025-03,QUEROSENE DE AVIAÇÃO,25566.326,1035641.0,0.024686,observed_positive_yield
REPAR,2025-03,SOLVENTE,6799.1,1035641.0,0.006565,observed_positive_yield
REPAR,2025-03,ÓLEO COMBUSTÍVEL,81962.245,1035641.0,0.079142,observed_positive_yield
REPAR,2025-03,ÓLEO DIESEL,471683.655,1035641.0,0.455451,observed_positive_yield
REPAR,2025-04,ASFALTO,28008.975,981112.0,0.028548,observed_positive_yield
REPAR,2025-04,COQUE,53545.435,981112.0,0.054576,observed_positive_yield
REPAR,2025-04,GASOLINA A,326595.326,981112.0,0.332883,observed_positive_yield
REPAR,2025-04,GLP,81281.768,981112.0,0.082847,observed_positive_yield
REPAR,2025-04,NAFTA,50.152,981112.0,5.1e-05,observed_positive_yield
REPAR,2025-04,OUTROS NÃO ENERGÉTICOS,12220.857,981112.0,0.012456,observed_positive_yield
REPAR,2025-04,QUEROSENE DE AVIAÇÃO,25136.792,981112.0,0.025621,observed_positive_yield
REPAR,2025-04,SOLVENTE,6232.345,981112.0,0.006352,observed_positive_yield
REPAR,2025-04,ÓLEO COMBUSTÍVEL,75182.659,981112.0,0.07663,observed_positive_yield
REPAR,2025-04,ÓLEO DIESEL,438877.105,981112.0,0.447326,observed_positive_yield
REPAR,2025-05,ASFALTO,32009.566,999270.0,0.032033,observed_positive_yield
REPAR,2025-05,COQUE,46901.876,999270.0,0.046936,observed_positive_yield
REPAR,2025-05,GASOLINA A,350959.054,999270.0,0.351215,observed_positive_yield
REPAR,2025-05,GLP,80193.46,999270.0,0.080252,observed_positive_yield
REPAR,2025-05,OUTROS NÃO ENERGÉTICOS,11600.341,999270.0,0.011609,observed_positive_yield
REPAR,2025-05,QUEROSENE DE AVIAÇÃO,25295.227,999270.0,0.025314,observed_positive_yield
REPAR,2025-05,SOLVENTE,5321.05,999270.0,0.005325,observed_positive_yield
REPAR,2025-05,ÓLEO COMBUSTÍVEL,86469.133,999270.0,0.086532,observed_positive_yield
REPAR,2025-05,ÓLEO DIESEL,465866.051,999270.0,0.466206,observed_positive_yield
REPAR,2025-06,ASFALTO,30710.625,927875.0,0.033098,observed_positive_yield
REPAR,2025-06,COQUE,41066.667,927875.0,0.044259,observed_positive_yield
REPAR,2025-06,GASOLINA A,333442.289,927875.0,0.359361,observed_positive_yield
REPAR,2025-06,GLP,78233.665,927875.0,0.084315,observed_positive_yield
REPAR,2025-06,NAFTA,687.582,927875.0,0.000741,observed_positive_yield
REPAR,2025-06,OUTROS NÃO ENERGÉTICOS,9254.375,927875.0,0.009974,observed_positive_yield
REPAR,2025-06,QUEROSENE DE AVIAÇÃO,20195.454,927875.0,0.021765,observed_positive_yield
REPAR,2025-06,SOLVENTE,3794.148,927875.0,0.004089,observed_positive_yield
REPAR,2025-06,ÓLEO COMBUSTÍVEL,82414.353,927875.0,0.088821,observed_positive_yield
REPAR,2025-06,ÓLEO DIESEL,412060.114,927875.0,0.44409,observed_positive_yield
REPAR,2025-07,ASFALTO,38021.602,948732.0,0.040076,observed_positive_yield
REPAR,2025-07,COQUE,45208.734,948732.0,0.047652,observed_positive_yield
REPAR,2025-07,GASOLINA A,351028.156,948732.0,0.369997,observed_positive_yield
REPAR,2025-07,GLP,86881.978,948732.0,0.091577,observed_positive_yield
REPAR,2025-07,NAFTA,246.235,948732.0,0.00026,observed_positive_yield
REPAR,2025-07,OUTROS NÃO ENERGÉTICOS,6316.359,948732.0,0.006658,observed_positive_yield
REPAR,2025-07,QUEROSENE DE AVIAÇÃO,23829.251,948732.0,0.025117,observed_positive_yield
REPAR,2025-07,SOLVENTE,2139.043,948732.0,0.002255,observed_positive_yield
REPAR,2025-07,ÓLEO COMBUSTÍVEL,77713.481,948732.0,0.081913,observed_positive_yield
REPAR,2025-07,ÓLEO DIESEL,421969.278,948732.0,0.444772,observed_positive_yield
REPAR,2025-08,ASFALTO,37675.996,1047397.0,0.035971,observed_positive_yield
REPAR,2025-08,COQUE,36844.068,1047397.0,0.035177,observed_positive_yield
REPAR,2025-08,GASOLINA A,348599.582,1047397.0,0.332825,observed_positive_yield
REPAR,2025-08,GLP,82033.082,1047397.0,0.078321,observed_positive_yield
REPAR,2025-08,NAFTA,604.865,1047397.0,0.000577,observed_positive_yield
REPAR,2025-08,OUTROS NÃO ENERGÉTICOS,10299.69,1047397.0,0.009834,observed_positive_yield
REPAR,2025-08,QUEROSENE DE AVIAÇÃO,16854.414,1047397.0,0.016092,observed_positive_yield
REPAR,2025-08,SOLVENTE,4030.264,1047397.0,0.003848,observed_positive_yield
REPAR,2025-08,ÓLEO COMBUSTÍVEL,106535.033,1047397.0,0.101714,observed_positive_yield
REPAR,2025-08,ÓLEO DIESEL,459374.229,1047397.0,0.438587,observed_positive_yield
REPAR,2025-09,ASFALTO,26990.143,1017193.0,0.026534,observed_positive_yield
REPAR,2025-09,COQUE,40892.655,1017193.0,0.040201,observed_positive_yield
REPAR,2025-09,GASOLINA A,333825.349,1017193.0,0.328183,observed_positive_yield
REPAR,2025-09,GLP,75122.719,1017193.0,0.073853,observed_positive_yield
REPAR,2025-09,NAFTA,1144.935,1017193.0,0.001126,observed_positive_yield
REPAR,2025-09,OUTROS NÃO ENERGÉTICOS,10203.087,1017193.0,0.010031,observed_positive_yield
REPAR,2025-09,QUEROSENE DE AVIAÇÃO,17292.676,1017193.0,0.017,observed_positive_yield
REPAR,2025-09,SOLVENTE,3954.939,1017193.0,0.003888,observed_positive_yield
REPAR,2025-09,ÓLEO COMBUSTÍVEL,97401.503,1017193.0,0.095755,observed_positive_yield
REPAR,2025-09,ÓLEO DIESEL,461818.683,1017193.0,0.454013,observed_positive_yield
REPAR,2025-10,ASFALTO,27923.382,898802.0,0.031067,observed_positive_yield
REPAR,2025-10,COQUE,49297.492,898802.0,0.054848,observed_positive_yield
REPAR,2025-10,GASOLINA A,297229.968,898802.0,0.330696,observed_positive_yield
REPAR,2025-10,GLP,53520.871,898802.0,0.059547,observed_positive_yield
REPAR,2025-10,OUTROS NÃO ENERGÉTICOS,6740.259,898802.0,0.007499,observed_positive_yield
REPAR,2025-10,QUEROSENE DE AVIAÇÃO,17056.171,898802.0,0.018977,observed_positive_yield
REPAR,2025-10,SOLVENTE,4013.368,898802.0,0.004465,observed_positive_yield
REPAR,2025-10,ÓLEO COMBUSTÍVEL,108017.596,898802.0,0.12018,observed_positive_yield
REPAR,2025-10,ÓLEO DIESEL,412084.208,898802.0,0.458482,observed_positive_yield
REPAR,2025-11,ASFALTO,30626.423,950718.0,0.032214,observed_positive_yield
REPAR,2025-11,COQUE,62227.718,950718.0,0.065453,observed_positive_yield
REPAR,2025-11,GASOLINA A,324440.567,950718.0,0.341258,observed_positive_yield
REPAR,2025-11,GLP,69929.02,950718.0,0.073554,observed_positive_yield
REPAR,2025-11,NAFTA,5011.177,950718.0,0.005271,observed_positive_yield
REPAR,2025-11,OUTROS NÃO ENERGÉTICOS,15335.13,950718.0,0.01613,observed_positive_yield
REPAR,2025-11,QUEROSENE DE AVIAÇÃO,22869.793,950718.0,0.024055,observed_positive_yield
REPAR,2025-11,SOLVENTE,3045.685,950718.0,0.003204,observed_positive_yield
REPAR,2025-11,ÓLEO COMBUSTÍVEL,85624.199,950718.0,0.090063,observed_positive_yield
REPAR,2025-11,ÓLEO DIESEL,424257.114,950718.0,0.446249,observed_positive_yield
REPAR,2025-12,ASFALTO,23226.384,988146.0,0.023505,observed_positive_yield
REPAR,2025-12,COQUE,46222.599,988146.0,0.046777,observed_positive_yield
REPAR,2025-12,GASOLINA A,349465.079,988146.0,0.353657,observed_positive_yield
REPAR,2025-12,GLP,69421.288,988146.0,0.070254,observed_positive_yield
REPAR,2025-12,OUTROS NÃO ENERGÉTICOS,15076.212,988146.0,0.015257,observed_positive_yield
REPAR,2025-12,QUEROSENE DE AVIAÇÃO,30773.768,988146.0,0.031143,observed_positive_yield
REPAR,2025-12,SOLVENTE,3161.579,988146.0,0.0032,observed_positive_yield
REPAR,2025-12,ÓLEO COMBUSTÍVEL,94945.22,988146.0,0.096084,observed_positive_yield
REPAR,2025-12,ÓLEO DIESEL,439598.558,988146.0,0.444872,observed_positive_yield
REPLAN,2025-01,ASFALTO,12325.94,1932807.0,0.006377,observed_positive_yield
REPLAN,2025-01,COQUE,137147.147,1932807.0,0.070957,observed_positive_yield
REPLAN,2025-01,GASOLINA A,530365.28,1932807.0,0.274402,observed_positive_yield
REPLAN,2025-01,GLP,132956.174,1932807.0,0.068789,observed_positive_yield
REPLAN,2025-01,NAFTA,36891.438,1932807.0,0.019087,observed_positive_yield
REPLAN,2025-01,OUTROS NÃO ENERGÉTICOS,45145.267,1932807.0,0.023357,observed_positive_yield
REPLAN,2025-01,QUEROSENE DE AVIAÇÃO,92823.424,1932807.0,0.048025,observed_positive_yield
REPLAN,2025-01,ÓLEO COMBUSTÍVEL,192924.983,1932807.0,0.099816,observed_positive_yield
REPLAN,2025-01,ÓLEO DIESEL,834989.649,1932807.0,0.432009,observed_positive_yield
REPLAN,2025-02,ASFALTO,13713.751,1685361.0,0.008137,observed_positive_yield
REPLAN,2025-02,COQUE,94810.266,1685361.0,0.056255,observed_positive_yield
REPLAN,2025-02,GASOLINA A,440578.779,1685361.0,0.261415,observed_positive_yield
REPLAN,2025-02,GLP,114478.862,1685361.0,0.067925,observed_positive_yield
REPLAN,2025-02,NAFTA,42542.219,1685361.0,0.025242,observed_positive_yield
REPLAN,2025-02,OUTROS NÃO ENERGÉTICOS,54921.954,1685361.0,0.032588,observed_positive_yield
REPLAN,2025-02,QUEROSENE DE AVIAÇÃO,68197.602,1685361.0,0.040465,observed_positive_yield
REPLAN,2025-02,ÓLEO COMBUSTÍVEL,175177.365,1685361.0,0.103941,observed_positive_yield
REPLAN,2025-02,ÓLEO DIESEL,782285.777,1685361.0,0.464165,observed_positive_yield
REPLAN,2025-03,ASFALTO,17365.409,1868227.0,0.009295,observed_positive_yield
REPLAN,2025-03,COQUE,122373.473,1868227.0,0.065502,observed_positive_yield
REPLAN,2025-03,GASOLINA A,427854.959,1868227.0,0.229017,observed_positive_yield
REPLAN,2025-03,GLP,111369.607,1868227.0,0.059612,observed_positive_yield
REPLAN,2025-03,NAFTA,51458.436,1868227.0,0.027544,observed_positive_yield
REPLAN,2025-03,OUTROS NÃO ENERGÉTICOS,36906.429,1868227.0,0.019755,observed_positive_yield
REPLAN,2025-03,QUEROSENE DE AVIAÇÃO,83794.173,1868227.0,0.044852,observed_positive_yield
REPLAN,2025-03,ÓLEO COMBUSTÍVEL,207259.799,1868227.0,0.110939,observed_positive_yield
REPLAN,2025-03,ÓLEO DIESEL,887188.608,1868227.0,0.474883,observed_positive_yield
REPLAN,2025-04,ASFALTO,16313.857,1840242.0,0.008865,observed_positive_yield
REPLAN,2025-04,COQUE,113354.983,1840242.0,0.061598,observed_positive_yield
REPLAN,2025-04,GASOLINA A,435045.535,1840242.0,0.236407,observed_positive_yield
REPLAN,2025-04,GLP,98386.107,1840242.0,0.053464,observed_positive_yield
REPLAN,2025-04,NAFTA,40376.739,1840242.0,0.021941,observed_positive_yield
REPLAN,2025-04,OUTROS NÃO ENERGÉTICOS,28584.84,1840242.0,0.015533,observed_positive_yield
REPLAN,2025-04,QUEROSENE DE AVIAÇÃO,77546.666,1840242.0,0.042139,observed_positive_yield
REPLAN,2025-04,ÓLEO COMBUSTÍVEL,222612.505,1840242.0,0.120969,observed_positive_yield
REPLAN,2025-04,ÓLEO DIESEL,783238.342,1840242.0,0.425617,observed_positive_yield
REPLAN,2025-05,ASFALTO,16021.407,1786035.0,0.00897,observed_positive_yield
REPLAN,2025-05,COQUE,107738.912,1786035.0,0.060323,observed_positive_yield
REPLAN,2025-05,GASOLINA A,542454.079,1786035.0,0.30372,observed_positive_yield
REPLAN,2025-05,GLP,140739.368,1786035.0,0.0788,observed_positive_yield
REPLAN,2025-05,NAFTA,2200.646,1786035.0,0.001232,observed_positive_yield
REPLAN,2025-05,OUTROS NÃO ENERGÉTICOS,50012.583,1786035.0,0.028002,observed_positive_yield
REPLAN,2025-05,QUEROSENE DE AVIAÇÃO,77444.463,1786035.0,0.043361,observed_positive_yield
REPLAN,2025-05,ÓLEO COMBUSTÍVEL,205374.63,1786035.0,0.114989,observed_positive_yield
REPLAN,2025-05,ÓLEO DIESEL,687976.32,1786035.0,0.385198,observed_positive_yield
REPLAN,2025-06,ASFALTO,31483.833,1924715.0,0.016358,observed_positive_yield
REPLAN,2025-06,COQUE,113173.981,1924715.0,0.0588,observed_positive_yield
REPLAN,2025-06,GASOLINA A,562304.473,1924715.0,0.292149,observed_positive_yield
REPLAN,2025-06,GLP,141624.498,1924715.0,0.073582,observed_positive_yield
REPLAN,2025-06,NAFTA,66699.346,1924715.0,0.034654,observed_positive_yield
REPLAN,2025-06,OUTROS NÃO ENERGÉTICOS,36415.833,1924715.0,0.01892,observed_positive_yield
REPLAN,2025-06,QUEROSENE DE AVIAÇÃO,77515.393,1924715.0,0.040274,observed_positive_yield
REPLAN,2025-06,ÓLEO COMBUSTÍVEL,171902.809,1924715.0,0.089313,observed_positive_yield
REPLAN,2025-06,ÓLEO DIESEL,764343.29,1924715.0,0.39712,observed_positive_yield
REPLAN,2025-07,ASFALTO,28516.025,1999427.0,0.014262,observed_positive_yield
REPLAN,2025-07,COQUE,112791.748,1999427.0,0.056412,observed_positive_yield
REPLAN,2025-07,GASOLINA A,537817.407,1999427.0,0.268986,observed_positive_yield
REPLAN,2025-07,GLP,121360.804,1999427.0,0.060698,observed_positive_yield
REPLAN,2025-07,NAFTA,35010.343,1999427.0,0.01751,observed_positive_yield
REPLAN,2025-07,OUTROS NÃO ENERGÉTICOS,51582.796,1999427.0,0.025799,observed_positive_yield
REPLAN,2025-07,QUEROSENE DE AVIAÇÃO,72792.627,1999427.0,0.036407,observed_positive_yield
REPLAN,2025-07,ÓLEO COMBUSTÍVEL,220137.945,1999427.0,0.110101,observed_positive_yield
REPLAN,2025-07,ÓLEO DIESEL,890214.815,1999427.0,0.445235,observed_positive_yield
REPLAN,2025-08,ASFALTO,32207.019,2020466.0,0.01594,observed_positive_yield
REPLAN,2025-08,COQUE,128161.197,2020466.0,0.063432,observed_positive_yield
REPLAN,2025-08,GASOLINA A,548603.518,2020466.0,0.271523,observed_positive_yield
REPLAN,2025-08,GLP,110840.705,2020466.0,0.054859,observed_positive_yield
REPLAN,2025-08,NAFTA,29005.093,2020466.0,0.014356,observed_positive_yield
REPLAN,2025-08,OUTROS NÃO ENERGÉTICOS,48598.219,2020466.0,0.024053,observed_positive_yield
REPLAN,2025-08,QUEROSENE DE AVIAÇÃO,116595.937,2020466.0,0.057707,observed_positive_yield
REPLAN,2025-08,ÓLEO COMBUSTÍVEL,213751.075,2020466.0,0.105793,observed_positive_yield
REPLAN,2025-08,ÓLEO DIESEL,939201.464,2020466.0,0.464844,observed_positive_yield
REPLAN,2025-09,ASFALTO,15353.471,1992881.0,0.007704,observed_positive_yield
REPLAN,2025-09,COQUE,124699.107,1992881.0,0.062572,observed_positive_yield
REPLAN,2025-09,GASOLINA A,484353.345,1992881.0,0.243042,observed_positive_yield
REPLAN,2025-09,GLP,129621.306,1992881.0,0.065042,observed_positive_yield
REPLAN,2025-09,NAFTA,39397.356,1992881.0,0.019769,observed_positive_yield
REPLAN,2025-09,OUTROS NÃO ENERGÉTICOS,28515.506,1992881.0,0.014309,observed_positive_yield
REPLAN,2025-09,QUEROSENE DE AVIAÇÃO,118037.985,1992881.0,0.05923,observed_positive_yield
REPLAN,2025-09,ÓLEO COMBUSTÍVEL,227905.44,1992881.0,0.11436,observed_positive_yield
REPLAN,2025-09,ÓLEO DIESEL,935137.523,1992881.0,0.469239,observed_positive_yield
REPLAN,2025-10,ASFALTO,45943.79,2048702.0,0.022426,observed_positive_yield
REPLAN,2025-10,COQUE,118536.42,2048702.0,0.057859,observed_positive_yield
REPLAN,2025-10,GASOLINA A,511931.534,2048702.0,0.249881,observed_positive_yield
REPLAN,2025-10,GLP,124548.601,2048702.0,0.060794,observed_positive_yield
REPLAN,2025-10,NAFTA,39950.397,2048702.0,0.0195,observed_positive_yield
REPLAN,2025-10,OUTROS NÃO ENERGÉTICOS,40646.712,2048702.0,0.01984,observed_positive_yield
REPLAN,2025-10,QUEROSENE DE AVIAÇÃO,133633.94,2048702.0,0.065229,observed_positive_yield
REPLAN,2025-10,ÓLEO COMBUSTÍVEL,225074.763,2048702.0,0.109862,observed_positive_yield
REPLAN,2025-10,ÓLEO DIESEL,998279.751,2048702.0,0.487274,observed_positive_yield
REPLAN,2025-11,ASFALTO,43650.156,2041956.0,0.021377,observed_positive_yield
REPLAN,2025-11,COQUE,110864.249,2041956.0,0.054293,observed_positive_yield
REPLAN,2025-11,GASOLINA A,548608.268,2041956.0,0.268668,observed_positive_yield
REPLAN,2025-11,GLP,130570.196,2041956.0,0.063944,observed_positive_yield
REPLAN,2025-11,NAFTA,1384.599,2041956.0,0.000678,observed_positive_yield
REPLAN,2025-11,OUTROS NÃO ENERGÉTICOS,40465.073,2041956.0,0.019817,observed_positive_yield
REPLAN,2025-11,QUEROSENE DE AVIAÇÃO,137564.957,2041956.0,0.067369,observed_positive_yield
REPLAN,2025-11,ÓLEO COMBUSTÍVEL,202245.265,2041956.0,0.099045,observed_positive_yield
REPLAN,2025-11,ÓLEO DIESEL,914089.657,2041956.0,0.447654,observed_positive_yield
REPLAN,2025-12,ASFALTO,16337.977,1824350.0,0.008956,observed_positive_yield
REPLAN,2025-12,COQUE,119204.601,1824350.0,0.065341,observed_positive_yield
REPLAN,2025-12,GASOLINA A,541777.597,1824350.0,0.29697,observed_positive_yield
REPLAN,2025-12,GLP,139854.147,1824350.0,0.07666,observed_positive_yield
REPLAN,2025-12,OUTROS NÃO ENERGÉTICOS,30924.288,1824350.0,0.016951,observed_positive_yield
REPLAN,2025-12,QUEROSENE DE AVIAÇÃO,121944.337,1824350.0,0.066843,observed_positive_yield
REPLAN,2025-12,ÓLEO COMBUSTÍVEL,201615.41,1824350.0,0.110514,observed_positive_yield
REPLAN,2025-12,ÓLEO DIESEL,823656.72,1824350.0,0.45148,observed_positive_yield
REVAP,2025-01,ASFALTO,27310.518,1238425.0,0.022053,observed_positive_yield
REVAP,2025-01,COQUE,51283.426,1238425.0,0.04141,observed_positive_yield
REVAP,2025-01,GASOLINA A,289979.819,1238425.0,0.234152,observed_positive_yield
REVAP,2025-01,GLP,83221.705,1238425.0,0.0672,observed_positive_yield
REVAP,2025-01,NAFTA,122243.199,1238425.0,0.098709,observed_positive_yield
REVAP,2025-01,OUTROS NÃO ENERGÉTICOS,11691.15,1238425.0,0.00944,observed_positive_yield
REVAP,2025-01,QUEROSENE DE AVIAÇÃO,193226.349,1238425.0,0.156026,observed_positive_yield
REVAP,2025-01,QUEROSENE ILUMINANTE,44.789,1238425.0,3.6e-05,observed_positive_yield
REVAP,2025-01,SOLVENTE,336.05,1238425.0,0.000271,observed_positive_yield
REVAP,2025-01,ÓLEO COMBUSTÍVEL,191927.034,1238425.0,0.154977,observed_positive_yield
REVAP,2025-01,ÓLEO DIESEL,342692.835,1238425.0,0.276717,observed_positive_yield
REVAP,2025-02,ASFALTO,29694.821,1086111.0,0.027341,observed_positive_yield
REVAP,2025-02,COQUE,41220.791,1086111.0,0.037953,observed_positive_yield
REVAP,2025-02,GASOLINA A,252737.286,1086111.0,0.232699,observed_positive_yield
REVAP,2025-02,GLP,78764.225,1086111.0,0.072519,observed_positive_yield
REVAP,2025-02,NAFTA,102278.763,1086111.0,0.09417,observed_positive_yield
REVAP,2025-02,OUTROS NÃO ENERGÉTICOS,10222.226,1086111.0,0.009412,observed_positive_yield
REVAP,2025-02,QUEROSENE DE AVIAÇÃO,168658.268,1086111.0,0.155286,observed_positive_yield
REVAP,2025-02,QUEROSENE ILUMINANTE,29.724,1086111.0,2.7e-05,observed_positive_yield
REVAP,2025-02,SOLVENTE,318.867,1086111.0,0.000294,observed_positive_yield
REVAP,2025-02,ÓLEO COMBUSTÍVEL,164440.759,1086111.0,0.151403,observed_positive_yield
REVAP,2025-02,ÓLEO DIESEL,301584.568,1086111.0,0.277674,observed_positive_yield
REVAP,2025-03,ASFALTO,32922.388,1209677.0,0.027216,observed_positive_yield
REVAP,2025-03,COQUE,52317.966,1209677.0,0.04325,observed_positive_yield
REVAP,2025-03,GASOLINA A,281533.207,1209677.0,0.232734,observed_positive_yield
REVAP,2025-03,GLP,97398.322,1209677.0,0.080516,observed_positive_yield
REVAP,2025-03,NAFTA,131908.205,1209677.0,0.109044,observed_positive_yield
REVAP,2025-03,OUTROS NÃO ENERGÉTICOS,2766.002,1209677.0,0.002287,observed_positive_yield
REVAP,2025-03,QUEROSENE DE AVIAÇÃO,172528.714,1209677.0,0.142624,observed_positive_yield
REVAP,2025-03,QUEROSENE ILUMINANTE,29.685,1209677.0,2.5e-05,observed_positive_yield
REVAP,2025-03,SOLVENTE,790.577,1209677.0,0.000654,observed_positive_yield
REVAP,2025-03,ÓLEO COMBUSTÍVEL,159307.444,1209677.0,0.131694,observed_positive_yield
REVAP,2025-03,ÓLEO DIESEL,384589.205,1209677.0,0.317927,observed_positive_yield
REVAP,2025-04,ASFALTO,27456.345,1184954.0,0.023171,observed_positive_yield
REVAP,2025-04,COQUE,54911.638,1184954.0,0.046341,observed_positive_yield
REVAP,2025-04,GASOLINA A,289006.029,1184954.0,0.243896,observed_positive_yield
REVAP,2025-04,GLP,87095.984,1184954.0,0.073502,observed_positive_yield
REVAP,2025-04,NAFTA,104454.768,1184954.0,0.088151,observed_positive_yield
REVAP,2025-04,OUTROS NÃO ENERGÉTICOS,7262.364,1184954.0,0.006129,observed_positive_yield
REVAP,2025-04,QUEROSENE DE AVIAÇÃO,178134.146,1184954.0,0.15033,observed_positive_yield
REVAP,2025-04,QUEROSENE ILUMINANTE,59.748,1184954.0,5e-05,observed_positive_yield
REVAP,2025-04,SOLVENTE,898.657,1184954.0,0.000758,observed_positive_yield
REVAP,2025-04,ÓLEO COMBUSTÍVEL,180604.386,1184954.0,0.152415,observed_positive_yield
REVAP,2025-04,ÓLEO DIESEL,360512.687,1184954.0,0.304242,observed_positive_yield
REVAP,2025-05,ASFALTO,25669.113,1211237.0,0.021192,observed_positive_yield
REVAP,2025-05,COQUE,51569.153,1211237.0,0.042576,observed_positive_yield
REVAP,2025-05,GASOLINA A,290506.497,1211237.0,0.239843,observed_positive_yield
REVAP,2025-05,GLP,81354.368,1211237.0,0.067166,observed_positive_yield
REVAP,2025-05,NAFTA,126712.48,1211237.0,0.104614,observed_positive_yield
REVAP,2025-05,OUTROS NÃO ENERGÉTICOS,17715.833,1211237.0,0.014626,observed_positive_yield
REVAP,2025-05,QUEROSENE DE AVIAÇÃO,182943.81,1211237.0,0.151039,observed_positive_yield
REVAP,2025-05,QUEROSENE ILUMINANTE,29.86,1211237.0,2.5e-05,observed_positive_yield
REVAP,2025-05,SOLVENTE,1133.676,1211237.0,0.000936,observed_positive_yield
REVAP,2025-05,ÓLEO COMBUSTÍVEL,168786.006,1211237.0,0.13935,observed_positive_yield
REVAP,2025-05,ÓLEO DIESEL,352459.196,1211237.0,0.290991,observed_positive_yield
REVAP,2025-06,ASFALTO,28023.02,1132234.0,0.02475,observed_positive_yield
REVAP,2025-06,COQUE,45959.435,1132234.0,0.040592,observed_positive_yield
REVAP,2025-06,GASOLINA A,241814.32,1132234.0,0.213573,observed_positive_yield
REVAP,2025-06,GLP,85948.098,1132234.0,0.07591,observed_positive_yield
REVAP,2025-06,NAFTA,142223.844,1132234.0,0.125613,observed_positive_yield
REVAP,2025-06,OUTROS NÃO ENERGÉTICOS,15414.996,1132234.0,0.013615,observed_positive_yield
REVAP,2025-06,QUEROSENE DE AVIAÇÃO,176821.767,1132234.0,0.156171,observed_positive_yield
REVAP,2025-06,QUEROSENE ILUMINANTE,29.844,1132234.0,2.6e-05,observed_positive_yield
REVAP,2025-06,SOLVENTE,801.444,1132234.0,0.000708,observed_positive_yield
REVAP,2025-06,ÓLEO COMBUSTÍVEL,164939.293,1132234.0,0.145676,observed_positive_yield
REVAP,2025-06,ÓLEO DIESEL,323237.099,1132234.0,0.285486,observed_positive_yield
REVAP,2025-07,ASFALTO,30672.446,1219241.0,0.025157,observed_positive_yield
REVAP,2025-07,COQUE,52444.52,1219241.0,0.043014,observed_positive_yield
REVAP,2025-07,GASOLINA A,287662.581,1219241.0,0.235936,observed_positive_yield
REVAP,2025-07,GLP,85427.23,1219241.0,0.070066,observed_positive_yield
REVAP,2025-07,NAFTA,106736.07,1219241.0,0.087543,observed_positive_yield
REVAP,2025-07,OUTROS NÃO ENERGÉTICOS,13350.986,1219241.0,0.01095,observed_positive_yield
REVAP,2025-07,QUEROSENE DE AVIAÇÃO,179291.026,1219241.0,0.147051,observed_positive_yield
REVAP,2025-07,QUEROSENE ILUMINANTE,44.917,1219241.0,3.7e-05,observed_positive_yield
REVAP,2025-07,SOLVENTE,935.402,1219241.0,0.000767,observed_positive_yield
REVAP,2025-07,ÓLEO COMBUSTÍVEL,188158.97,1219241.0,0.154325,observed_positive_yield
REVAP,2025-07,ÓLEO DIESEL,368229.11,1219241.0,0.302015,observed_positive_yield
REVAP,2025-08,ASFALTO,40277.146,1159146.0,0.034747,observed_positive_yield
REVAP,2025-08,COQUE,47072.203,1159146.0,0.040609,observed_positive_yield
REVAP,2025-08,GASOLINA A,234641.128,1159146.0,0.202426,observed_positive_yield
REVAP,2025-08,GLP,81380.022,1159146.0,0.070207,observed_positive_yield
REVAP,2025-08,NAFTA,124032.899,1159146.0,0.107004,observed_positive_yield
REVAP,2025-08,OUTROS NÃO ENERGÉTICOS,14025.728,1159146.0,0.0121,observed_positive_yield
REVAP,2025-08,QUEROSENE DE AVIAÇÃO,178738.102,1159146.0,0.154198,observed_positive_yield
REVAP,2025-08,QUEROSENE ILUMINANTE,14.961,1159146.0,1.3e-05,observed_positive_yield
REVAP,2025-08,SOLVENTE,902.813,1159146.0,0.000779,observed_positive_yield
REVAP,2025-08,ÓLEO COMBUSTÍVEL,151643.883,1159146.0,0.130824,observed_positive_yield
REVAP,2025-08,ÓLEO DIESEL,312764.573,1159146.0,0.269823,observed_positive_yield
REVAP,2025-09,ASFALTO,27374.705,1053114.0,0.025994,observed_positive_yield
REVAP,2025-09,COQUE,26940.565,1053114.0,0.025582,observed_positive_yield
REVAP,2025-09,GASOLINA A,192391.712,1053114.0,0.182688,observed_positive_yield
REVAP,2025-09,GLP,60871.92,1053114.0,0.057802,observed_positive_yield
REVAP,2025-09,NAFTA,105567.668,1053114.0,0.100243,observed_positive_yield
REVAP,2025-09,OUTROS NÃO ENERGÉTICOS,7315.145,1053114.0,0.006946,observed_positive_yield
REVAP,2025-09,QUEROSENE DE AVIAÇÃO,151118.371,1053114.0,0.143497,observed_positive_yield
REVAP,2025-09,QUEROSENE ILUMINANTE,44.97,1053114.0,4.3e-05,observed_positive_yield
REVAP,2025-09,SOLVENTE,792.73,1053114.0,0.000753,observed_positive_yield
REVAP,2025-09,ÓLEO COMBUSTÍVEL,259378.884,1053114.0,0.246297,observed_positive_yield
REVAP,2025-09,ÓLEO DIESEL,226634.759,1053114.0,0.215204,observed_positive_yield
REVAP,2025-10,ASFALTO,11154.763,424404.0,0.026283,observed_positive_yield
REVAP,2025-10,GASOLINA A,163458.391,424404.0,0.385148,observed_positive_yield
REVAP,2025-10,GLP,41446.351,424404.0,0.097658,observed_positive_yield
REVAP,2025-10,NAFTA,35291.502,424404.0,0.083155,observed_positive_yield
REVAP,2025-10,OUTROS NÃO ENERGÉTICOS,6261.781,424404.0,0.014754,observed_positive_yield
REVAP,2025-10,QUEROSENE DE AVIAÇÃO,71620.318,424404.0,0.168755,observed_positive_yield
REVAP,2025-10,QUEROSENE ILUMINANTE,59.844,424404.0,0.000141,observed_positive_yield
REVAP,2025-10,SOLVENTE,823.461,424404.0,0.00194,observed_positive_yield
REVAP,2025-10,ÓLEO COMBUSTÍVEL,164413.94,424404.0,0.3874,observed_positive_yield
REVAP,2025-10,ÓLEO DIESEL,60202.892,424404.0,0.141853,observed_positive_yield
REVAP,2025-11,GASOLINA A,131430.31,796.0,165.113455,observed_ratio_exceeds_unit_interval_data_quality_flag
REVAP,2025-11,GLP,50442.859,796.0,63.370426,observed_ratio_exceeds_unit_interval_data_quality_flag
REVAP,2025-11,NAFTA,28628.158,796.0,35.965023,observed_ratio_exceeds_unit_interval_data_quality_flag
REVAP,2025-11,QUEROSENE ILUMINANTE,49.758,796.0,0.06251,observed_positive_yield
REVAP,2025-11,SOLVENTE,775.177,796.0,0.97384,observed_positive_yield
REVAP,2025-11,ÓLEO COMBUSTÍVEL,31773.877,796.0,39.916931,observed_ratio_exceeds_unit_interval_data_quality_flag
REVAP,2025-11,ÓLEO DIESEL,400.0,796.0,0.502513,observed_positive_yield
REVAP,2025-12,ASFALTO,11567.284,1082733.0,0.010683,observed_positive_yield
REVAP,2025-12,COQUE,36019.096,1082733.0,0.033267,observed_positive_yield
REVAP,2025-12,GASOLINA A,293543.097,1082733.0,0.271113,observed_positive_yield
REVAP,2025-12,GLP,74232.449,1082733.0,0.06856,observed_positive_yield
REVAP,2025-12,NAFTA,54279.701,1082733.0,0.050132,observed_positive_yield
REVAP,2025-12,OUTROS NÃO ENERGÉTICOS,10382.571,1082733.0,0.009589,observed_positive_yield
REVAP,2025-12,QUEROSENE DE AVIAÇÃO,139831.723,1082733.0,0.129147,observed_positive_yield
REVAP,2025-12,QUEROSENE ILUMINANTE,29.64,1082733.0,2.7e-05,observed_positive_yield
REVAP,2025-12,SOLVENTE,920.025,1082733.0,0.00085,observed_positive_yield
REVAP,2025-12,ÓLEO COMBUSTÍVEL,234929.161,1082733.0,0.216978,observed_positive_yield
REVAP,2025-12,ÓLEO DIESEL,242902.187,1082733.0,0.224342,observed_positive_yield
RNEST,2025-01,COQUE,34524.621,121914.0,0.283188,observed_positive_yield
RNEST,2025-01,GASOLINA A,6486.345,121914.0,0.053204,observed_positive_yield
RNEST,2025-01,GLP,1771.415,121914.0,0.01453,observed_positive_yield
RNEST,2025-01,NAFTA,11360.38,121914.0,0.093184,observed_positive_yield
RNEST,2025-01,ÓLEO COMBUSTÍVEL,33634.378,121914.0,0.275886,observed_positive_yield
RNEST,2025-01,ÓLEO DIESEL,32124.062,121914.0,0.263498,observed_positive_yield
RNEST,2025-02,COQUE,2259.887,0.0,,unavailable_no_positive_throughput
RNEST,2025-02,GASOLINA A,107.612,0.0,,unavailable_no_positive_throughput
RNEST,2025-02,ÓLEO COMBUSTÍVEL,15887.238,0.0,,unavailable_no_positive_throughput
RNEST,2025-03,COQUE,9604.52,229723.0,0.041809,observed_positive_yield
RNEST,2025-03,GASOLINA A,541.382,229723.0,0.002357,observed_positive_yield
RNEST,2025-03,NAFTA,18575.007,229723.0,0.080858,observed_positive_yield
RNEST,2025-03,ÓLEO COMBUSTÍVEL,74396.234,229723.0,0.323852,observed_positive_yield
RNEST,2025-03,ÓLEO DIESEL,30563.296,229723.0,0.133044,observed_positive_yield
RNEST,2025-04,COQUE,33787.333,407133.0,0.082988,observed_positive_yield
RNEST,2025-04,GASOLINA A,7764.653,407133.0,0.019072,observed_positive_yield
RNEST,2025-04,GLP,10461.165,407133.0,0.025695,observed_positive_yield
RNEST,2025-04,NAFTA,49340.094,407133.0,0.121189,observed_positive_yield
RNEST,2025-04,ÓLEO COMBUSTÍVEL,70091.6,407133.0,0.172159,observed_positive_yield
RNEST,2025-04,ÓLEO DIESEL,244218.575,407133.0,0.59985,observed_positive_yield
RNEST,2025-05,COQUE,54860.504,486919.0,0.112669,observed_positive_yield
RNEST,2025-05,GASOLINA A,545.995,486919.0,0.001121,observed_positive_yield
RNEST,2025-05,GLP,11467.832,486919.0,0.023552,observed_positive_yield
RNEST,2025-05,NAFTA,56658.843,486919.0,0.116362,observed_positive_yield
RNEST,2025-05,ÓLEO COMBUSTÍVEL,65991.963,486919.0,0.13553,observed_positive_yield
RNEST,2025-05,ÓLEO DIESEL,284087.943,486919.0,0.58344,observed_positive_yield
RNEST,2025-06,COQUE,52815.458,455397.0,0.115977,observed_positive_yield
RNEST,2025-06,GASOLINA A,5568.676,455397.0,0.012228,observed_positive_yield
RNEST,2025-06,GLP,11184.194,455397.0,0.024559,observed_positive_yield
RNEST,2025-06,NAFTA,55864.599,455397.0,0.122672,observed_positive_yield
RNEST,2025-06,ÓLEO COMBUSTÍVEL,54468.943,455397.0,0.119608,observed_positive_yield
RNEST,2025-06,ÓLEO DIESEL,337109.438,455397.0,0.740254,observed_positive_yield
RNEST,2025-07,COQUE,60904.045,503669.0,0.120921,observed_positive_yield
RNEST,2025-07,GASOLINA A,1397.881,503669.0,0.002775,observed_positive_yield
RNEST,2025-07,GLP,12422.598,503669.0,0.024664,observed_positive_yield
RNEST,2025-07,NAFTA,73309.387,503669.0,0.145551,observed_positive_yield
RNEST,2025-07,ÓLEO COMBUSTÍVEL,51377.796,503669.0,0.102007,observed_positive_yield
RNEST,2025-07,ÓLEO DIESEL,362623.212,503669.0,0.719963,observed_positive_yield
RNEST,2025-08,COQUE,54730.655,490686.0,0.111539,observed_positive_yield
RNEST,2025-08,GLP,10542.076,490686.0,0.021484,observed_positive_yield
RNEST,2025-08,NAFTA,73405.58,490686.0,0.149598,observed_positive_yield
RNEST,2025-08,ÓLEO COMBUSTÍVEL,54957.57,490686.0,0.112002,observed_positive_yield
RNEST,2025-08,ÓLEO DIESEL,300060.099,490686.0,0.611511,observed_positive_yield
RNEST,2025-09,COQUE,44965.257,453605.0,0.099129,observed_positive_yield
RNEST,2025-09,GLP,10424.109,453605.0,0.022981,observed_positive_yield
RNEST,2025-09,NAFTA,58927.76,453605.0,0.12991,observed_positive_yield
RNEST,2025-09,ÓLEO COMBUSTÍVEL,61066.151,453605.0,0.134624,observed_positive_yield
RNEST,2025-09,ÓLEO DIESEL,328306.203,453605.0,0.723771,observed_positive_yield
RNEST,2025-10,COQUE,55142.689,474966.0,0.116098,observed_positive_yield
RNEST,2025-10,GLP,9335.196,474966.0,0.019654,observed_positive_yield
RNEST,2025-10,NAFTA,58514.222,474966.0,0.123197,observed_positive_yield
RNEST,2025-10,ÓLEO COMBUSTÍVEL,52630.363,474966.0,0.110809,observed_positive_yield
RNEST,2025-10,ÓLEO DIESEL,301139.47,474966.0,0.634023,observed_positive_yield
RNEST,2025-11,COQUE,46757.905,454644.0,0.102845,observed_positive_yield
RNEST,2025-11,GLP,10520.063,454644.0,0.023139,observed_positive_yield
RNEST,2025-11,NAFTA,61849.877,454644.0,0.13604,observed_positive_yield
RNEST,2025-11,ÓLEO COMBUSTÍVEL,64889.682,454644.0,0.142726,observed_positive_yield
RNEST,2025-11,ÓLEO DIESEL,279422.532,454644.0,0.614596,observed_positive_yield
RNEST,2025-12,COQUE,52132.768,464472.0,0.112241,observed_positive_yield
RNEST,2025-12,GLP,10687.415,464472.0,0.02301,observed_positive_yield
RNEST,2025-12,NAFTA,54279.701,464472.0,0.116863,observed_positive_yield
RNEST,2025-12,ÓLEO COMBUSTÍVEL,75631.429,464472.0,0.162833,observed_positive_yield
RNEST,2025-12,ÓLEO DIESEL,297071.701,464472.0,0.63959,observed_positive_yield
RPBC,2025-01,COQUE,50676.836,863883.0,0.058662,observed_positive_yield
RPBC,2025-01,GASOLINA A,253311.168,863883.0,0.293224,observed_positive_yield
RPBC,2025-01,GASOLINA DE AVIAÇÃO,6765.268,863883.0,0.007831,observed_positive_yield
RPBC,2025-01,GLP,49497.634,863883.0,0.057297,observed_positive_yield
RPBC,2025-01,OUTROS NÃO ENERGÉTICOS,6714.679,863883.0,0.007773,observed_positive_yield
RPBC,2025-01,SOLVENTE,14479.821,863883.0,0.016761,observed_positive_yield
RPBC,2025-01,ÓLEO COMBUSTÍVEL,103791.895,863883.0,0.120146,observed_positive_yield
RPBC,2025-01,ÓLEO DIESEL,403432.897,863883.0,0.466999,observed_positive_yield
RPBC,2025-02,COQUE,49340.113,737593.0,0.066893,observed_positive_yield
RPBC,2025-02,GASOLINA A,197500.872,737593.0,0.267764,observed_positive_yield
RPBC,2025-02,GLP,40218.464,737593.0,0.054527,observed_positive_yield
RPBC,2025-02,SOLVENTE,11466.389,737593.0,0.015546,observed_positive_yield
RPBC,2025-02,ÓLEO COMBUSTÍVEL,75829.035,737593.0,0.102806,observed_positive_yield
RPBC,2025-02,ÓLEO DIESEL,351033.588,737593.0,0.475918,observed_positive_yield
RPBC,2025-03,COQUE,59867.797,874259.0,0.068478,observed_positive_yield
RPBC,2025-03,GASOLINA A,221524.282,874259.0,0.253385,observed_positive_yield
RPBC,2025-03,GASOLINA DE AVIAÇÃO,4699.004,874259.0,0.005375,observed_positive_yield
RPBC,2025-03,GLP,38160.663,874259.0,0.043649,observed_positive_yield
RPBC,2025-03,OUTROS NÃO ENERGÉTICOS,10903.649,874259.0,0.012472,observed_positive_yield
RPBC,2025-03,SOLVENTE,12847.786,874259.0,0.014696,observed_positive_yield
RPBC,2025-03,ÓLEO COMBUSTÍVEL,96261.91,874259.0,0.110107,observed_positive_yield
RPBC,2025-03,ÓLEO DIESEL,424175.518,874259.0,0.485183,observed_positive_yield
RPBC,2025-04,COQUE,57163.842,808588.0,0.070696,observed_positive_yield
RPBC,2025-04,GASOLINA A,221983.312,808588.0,0.274532,observed_positive_yield
RPBC,2025-04,GLP,39607.754,808588.0,0.048984,observed_positive_yield
RPBC,2025-04,OUTROS NÃO ENERGÉTICOS,13484.323,808588.0,0.016676,observed_positive_yield
RPBC,2025-04,SOLVENTE,11179.826,808588.0,0.013826,observed_positive_yield
RPBC,2025-04,ÓLEO COMBUSTÍVEL,92761.874,808588.0,0.114721,observed_positive_yield
RPBC,2025-04,ÓLEO DIESEL,425884.423,808588.0,0.526701,observed_positive_yield
RPBC,2025-05,COQUE,56864.407,789172.0,0.072056,observed_positive_yield
RPBC,2025-05,GASOLINA A,258581.351,789172.0,0.327662,observed_positive_yield
RPBC,2025-05,GASOLINA DE AVIAÇÃO,7067.687,789172.0,0.008956,observed_positive_yield
RPBC,2025-05,GLP,33559.121,789172.0,0.042524,observed_positive_yield
RPBC,2025-05,OUTROS NÃO ENERGÉTICOS,17472.749,789172.0,0.022141,observed_positive_yield
RPBC,2025-05,SOLVENTE,13467.556,789172.0,0.017065,observed_positive_yield
RPBC,2025-05,ÓLEO COMBUSTÍVEL,64647.277,789172.0,0.081918,observed_positive_yield
RPBC,2025-05,ÓLEO DIESEL,390435.638,789172.0,0.494741,observed_positive_yield
RPBC,2025-06,COQUE,48625.989,757113.0,0.064226,observed_positive_yield
RPBC,2025-06,GASOLINA A,167702.975,757113.0,0.221503,observed_positive_yield
RPBC,2025-06,GLP,38741.299,757113.0,0.05117,observed_positive_yield
RPBC,2025-06,NAFTA,25145.662,757113.0,0.033213,observed_positive_yield
RPBC,2025-06,OUTROS NÃO ENERGÉTICOS,13539.901,757113.0,0.017884,observed_positive_yield
RPBC,2025-06,SOLVENTE,16043.664,757113.0,0.021191,observed_positive_yield
RPBC,2025-06,ÓLEO COMBUSTÍVEL,68562.364,757113.0,0.090558,observed_positive_yield
RPBC,2025-06,ÓLEO DIESEL,395848.894,757113.0,0.52284,observed_positive_yield
RPBC,2025-07,COQUE,35708.475,646636.0,0.055222,observed_positive_yield
RPBC,2025-07,GASOLINA A,195211.765,646636.0,0.301888,observed_positive_yield
RPBC,2025-07,GLP,36377.701,646636.0,0.056257,observed_positive_yield
RPBC,2025-07,NAFTA,16669.126,646636.0,0.025778,observed_positive_yield
RPBC,2025-07,OUTROS NÃO ENERGÉTICOS,16533.396,646636.0,0.025568,observed_positive_yield
RPBC,2025-07,SOLVENTE,8769.598,646636.0,0.013562,observed_positive_yield
RPBC,2025-07,ÓLEO COMBUSTÍVEL,53135.009,646636.0,0.082171,observed_positive_yield
RPBC,2025-07,ÓLEO DIESEL,336688.775,646636.0,0.520677,observed_positive_yield
RPBC,2025-08,COQUE,44637.288,815820.0,0.054715,observed_positive_yield
RPBC,2025-08,GASOLINA A,217349.655,815820.0,0.266419,observed_positive_yield
RPBC,2025-08,GASOLINA DE AVIAÇÃO,8296.91,815820.0,0.01017,observed_positive_yield
RPBC,2025-08,GLP,34603.109,815820.0,0.042415,observed_positive_yield
RPBC,2025-08,OUTROS NÃO ENERGÉTICOS,6302.886,815820.0,0.007726,observed_positive_yield
RPBC,2025-08,SOLVENTE,13416.534,815820.0,0.016445,observed_positive_yield
RPBC,2025-08,ÓLEO COMBUSTÍVEL,80044.599,815820.0,0.098116,observed_positive_yield
RPBC,2025-08,ÓLEO DIESEL,409510.201,815820.0,0.501961,observed_positive_yield
RPBC,2025-09,COQUE,53386.441,847856.0,0.062966,observed_positive_yield
RPBC,2025-09,GASOLINA A,261252.929,847856.0,0.308134,observed_positive_yield
RPBC,2025-09,GLP,55603.207,847856.0,0.065581,observed_positive_yield
RPBC,2025-09,OUTROS NÃO ENERGÉTICOS,16099.569,847856.0,0.018989,observed_positive_yield
RPBC,2025-09,SOLVENTE,16086.74,847856.0,0.018973,observed_positive_yield
RPBC,2025-09,ÓLEO COMBUSTÍVEL,75737.263,847856.0,0.089328,observed_positive_yield
RPBC,2025-09,ÓLEO DIESEL,448424.743,847856.0,0.528893,observed_positive_yield
RPBC,2025-10,COQUE,50697.175,870158.0,0.058262,observed_positive_yield
RPBC,2025-10,GASOLINA A,257427.957,870158.0,0.29584,observed_positive_yield
RPBC,2025-10,GASOLINA DE AVIAÇÃO,8184.051,870158.0,0.009405,observed_positive_yield
RPBC,2025-10,GLP,55621.96,870158.0,0.063922,observed_positive_yield
RPBC,2025-10,OUTROS NÃO ENERGÉTICOS,14940.869,870158.0,0.01717,observed_positive_yield
RPBC,2025-10,SOLVENTE,12118.794,870158.0,0.013927,observed_positive_yield
RPBC,2025-10,ÓLEO COMBUSTÍVEL,87297.491,870158.0,0.100324,observed_positive_yield
RPBC,2025-10,ÓLEO DIESEL,459352.594,870158.0,0.527896,observed_positive_yield
RPBC,2025-11,COQUE,50362.712,842376.0,0.059786,observed_positive_yield
RPBC,2025-11,GASOLINA A,234398.452,842376.0,0.278259,observed_positive_yield
RPBC,2025-11,GLP,50668.899,842376.0,0.06015,observed_positive_yield
RPBC,2025-11,OUTROS NÃO ENERGÉTICOS,16612.503,842376.0,0.019721,observed_positive_yield
RPBC,2025-11,SOLVENTE,10848.169,842376.0,0.012878,observed_positive_yield
RPBC,2025-11,ÓLEO COMBUSTÍVEL,78822.275,842376.0,0.093571,observed_positive_yield
RPBC,2025-11,ÓLEO DIESEL,447599.026,842376.0,0.531353,observed_positive_yield
RPBC,2025-12,COQUE,49128.814,861711.0,0.057013,observed_positive_yield
RPBC,2025-12,GASOLINA A,242923.203,861711.0,0.281908,observed_positive_yield
RPBC,2025-12,GASOLINA DE AVIAÇÃO,306.931,861711.0,0.000356,observed_positive_yield
RPBC,2025-12,GLP,37821.455,861711.0,0.043891,observed_positive_yield
RPBC,2025-12,OUTROS NÃO ENERGÉTICOS,9081.249,861711.0,0.010539,observed_positive_yield
RPBC,2025-12,SOLVENTE,13156.473,861711.0,0.015268,observed_positive_yield
RPBC,2025-12,ÓLEO COMBUSTÍVEL,98058.697,861711.0,0.113795,observed_positive_yield
RPBC,2025-12,ÓLEO DIESEL,432955.802,861711.0,0.502437,observed_positive_yield
